sender,timestamp,text
-1.0012E+12,2024-09-28 07:32:14+00:00,"💥 Smart Mini Massager Patch 
        💯High Quality 

👉 አንገት፣ጀርባ፣እጅ እና ሌሎች የሰውነት ክፍሎች ላይ በማስቀመጥ ማሳጅ ማድረጊያ

👉Helps relieve tiredness, relax muscles, improve blood circulation and burn fat

📍Auto off timer 
📍8 different massage modes 
📍Working Hours: 15 minutes
📍Battery Capacity: 180mAh
📍100% brand new and high quality
📍Small size, lightweight, easy to carry and store

👉Massage part: neck/back/waist/hip / leg and other parts


#Package_Included 
1*Patch
1*Instruction,
1*charging cable


          ዋጋ፦ ✅ 600 ብር

አድራሻ  ቁ.1👉 ስሪ ኤም ሲቲ ሞል  ሁለተኛ ፎቅ ቢሮ ቁ. SL-05A(ከ ሊፍቱ ፊት ለ ፊት)

📍ቁ.2 👉ለቡ  መዳህኒዓለም ቤተ/ክርስቲያን ፊት ለፊት  #ዛም_ሞል 2ኛ ፎቅ ቢሮ ቁጥር.214

👍ለቡ ቅርንጫፍ📲0973611819


    📲 0909522840
    📲 0923350054

🔖
💬  በTelegram ለማዘዝ ⤵️ ይጠቀሙ
@shager_onlinestore
  
ለተጨማሪ ማብራሪያ የቴሌግራም ገፃችን⤵️
https://t.me/Shageronlinestore"
-1.0012E+12,2024-09-28 07:23:17+00:00,"💥 Smart Mini Massager Patch 
        💯High Quality 

👉 አንገት፣ጀርባ፣እጅ እና ሌሎች የሰውነት ክፍሎች ላይ በማስቀመጥ ማሳጅ ማድረጊያ

👉Helps relieve tiredness, relax muscles, improve blood circulation and burn fat

📍Auto off timer 
📍8 different massage modes 
📍Working Hours: 15 minutes
📍Battery Capacity: 180mAh
📍100% brand new and high quality
📍Small size, lightweight, easy to carry and store

👉Massage part: neck/back/waist/hip / leg and other parts


#Package_Included 
1*Patch
1*Instruction,
1*charging cable


          ዋጋ፦ ✅ 600 ብር

አድራሻ  ቁ.1👉 ስሪ ኤም ሲቲ ሞል  ሁለተኛ ፎቅ ቢሮ ቁ. SL-05A(ከ ሊፍቱ ፊት ለ ፊት)

📍ቁ.2 👉ለቡ  መዳህኒዓለም ቤተ/ክርስቲያን ፊት ለፊት  #ዛም_ሞል 2ኛ ፎቅ ቢሮ ቁጥር.214

👍ለቡ ቅርንጫፍ📲0973611819


    📲 0909522840
    📲 0923350054

🔖
💬  በTelegram ለማዘዝ ⤵️ ይጠቀሙ
@shager_onlinestore
  
ለተጨማሪ ማብራሪያ የቴሌግራም ገፃችን⤵️
https://t.me/Shageronlinestore"
-1.0012E+12,2024-09-27 07:12:34+00:00,"💥ለመላዉ የክርስትና እምንነት ተከታይ ደንበኞቻችን በሙሉ እንኳን ለብርሃነ መስቀሉ  በሰላም አደረሳችሁ።

      በአንድነት  ፣ በፍቅር እና በመተሳሰብ የተሞላ በዓል እንዲሆንልዎ ከልብ እንመኛለን!
         
🏢 አድራሻ 📍ቁ.1 👉ለቡ  መዳህኒዓለም ቤተ/ክርስቲያን ፊት ለፊት  #ዛም_ሞል 2ኛ ፎቅ ቢሮ ቁጥር.214

ቁ.2👉 መገናኛ ስሪ ኤም ሲቲ ሞል  ሁለተኛ ፎቅ ቢሮ ቁ. SL-05A(ከ ሊፍቱ ፊት ለ ፊት)




    📲 0909522840
    📲 0923350054

🔖
💬  በTelegram ለማዘዝ ⤵️ ይጠቀሙ
@shager_onlinestore
  
ለተጨማሪ ማብራሪያ የቴሌግራም ገፃችን⤵️
https://t.me/Shageronlinestore"
-1.0012E+12,2024-09-26 09:20:40+00:00,"💥SOKANY 3 in1 Blender /Grinder

የጁስ የቡና የቅመም መፍጫ 

⚡️Sokany Blender with 1.5 liters of capacity.
⚡️ Three pieces : Glass Blender , Plastic Blender and Chopper.
⚡️ 5 speed function with high quality stainless steel blades.
⚡️ 1000watt
⚡️copper motor
⚡️ice breaker
⚡️ ከ 1 አመት ዋስትና ጋር

ዋጋ፦  💰 5300ብር


    📲 0909522840
    📲 0923350054


አድራሻ  ቁ.1👉 ስሪ ኤም ሲቲ ሞል  ሁለተኛ ፎቅ ቢሮ ቁ. SL-05A(ከ ሊፍቱ ፊት ለ ፊት)

📍ቁ.2 👉ለቡ  መዳህኒዓለም ቤተ/ክርስቲያን ፊት ለፊት  #ዛም_ሞል 2ኛ ፎቅ ቢሮ ቁጥር.214

👍ለቡ ቅርንጫፍ📲0973611819

🔖
💬  በTelegram ለማዘዝ ⤵️ ይጠቀሙ
@shager_onlinestore
  
ለተጨማሪ ማብራሪያ የቴሌግራም ገፃችን⤵️
https://t.me/Shageronlinestore"
-1.0012E+12,2024-09-25 16:09:48+00:00,"#አልቆል_ለተባላችሁ_በድጋሚ_አስገብተናል 
📣 IMPULSE SEALER

✔️ የላስቲክ ማሸጊያ
✔️ በኤሌክትሪክ የሚሰራ
✔️ለባልትና  ነጋዴዎች አስፈላጊ ዕቃ
  
      ዋጋ:-20cm ስፋት👉1900ብር
             30cm ስፋት 👉 2100 ብር
             

አድራሻ  ቁ.1👉 ስሪ ኤም ሲቲ ሞል  ሁለተኛ ፎቅ ቢሮ ቁ. SL-05A(ከ ሊፍቱ ፊት ለ ፊት)

📍ቁ.2 👉ለቡ  መዳህኒዓለም ቤተ/ክርስቲያን ፊት ለፊት  #ዛም_ሞል 2ኛ ፎቅ ቢሮ ቁጥር.214

👍ለቡ ቅርንጫፍ📲0973611819


    📲 0909522840
    📲 0923350054

🔖
💬  በTelegram ለማዘዝ ⤵️ ይጠቀሙ
@shager_onlinestore
  
ለተጨማሪ ማብራሪያ የቴሌግራም ገፃችን⤵️
https://t.me/Shageronlinestore"
-1.0012E+12,2024-09-25 05:48:37+00:00,"💥 Feenik Vacuum Jug 

        💯 Hight Qulity 
  

✨ከጠንካራ Material የተሰራ
✨ለረጅም ሰአት ሙቀትን ጠብቆ ማቆየት የሚችል 


☑️ #Brand: #Feenik
⚡️Capacity: 1.5L and 2L
⚡️24Hr COLD
⚡️12Hr HOT

#FUNCTION:
✔️Fashionable,beautiful, durable and easy to use.
✔️Suitable for liquid drinks, like hot water, coffee, tea and etc.
✔️Ideal to the home, office, hotel, and outdoor use.


         ዋጋ፦ 1.5L  2000 ብር﻿
                   2.0L 2200ብር

🏢 አድራሻ  ቁ.1👉 ስሪ ኤም ሲቲ ሞል  ሁለተኛ ፎቅ ቢሮ ቁ. SL-05A(ከ ሊፍቱ ፊት ለ ፊት)

📍ቁ.2 👉ለቡ  መዳህኒዓለም ቤተ/ክርስቲያን ፊት ለፊት  #ዛም_ሞል 2ኛ ፎቅ ቢሮ ቁጥር.214

👍ለቡ ቅርንጫፍ📲0973611819



    📲 0909522840
    📲 0923350054

🔖
💬  በTelegram ለማዘዝ ⤵️ ይጠቀሙ
@shager_onlinestore
  
ለተጨማሪ ማብራሪያ የቴሌግራም ገፃችን⤵️
https://t.me/Shageronlinestore"
-1.0012E+12,2024-09-24 19:33:28+00:00,"💥Saachi®👚👔 አነስተኛ የልብስ  ማጠቢያ ማሽን👔

👉 ለቲሸርት: ለጂንስ : ለሹራብ:ለአንሶላ 
👉በጠቅላላው እስከ 2.5 kg የሚመዝን ልብስ በአንድ ጊዜ ማጠብ የሚችል
👉የራሱ መጭመቂያ ያለው
👉አንድ አመት ዋስትና ያለው
👉አነስተኛ የኤሌክትሪክ ፍጆታ( ሀይል ቆጣቢ)
ከቦታ ቦታ 
በቀላሉ ተንቀሳቃሽ፡ በጠባብ ቦታ መቀመጥ የሚችል

    ዋጋ፦  💰  9000ብር

❌ውስን ፍሬ ነው ያለዉ

   አድራሻ  ቁ.1👉 ስሪ ኤም ሲቲ ሞል  ሁለተኛ ፎቅ ቢሮ ቁ. SL-05A(ከ ሊፍቱ ፊት ለ ፊት)

📍ቁ.2 👉ለቡ  መዳህኒዓለም ቤተ/ክርስቲያን ፊት ለፊት  #ዛም_ሞል 2ኛ ፎቅ ቢሮ ቁጥር.214

👍ለቡ ቅርንጫፍ📲0973611819


    📲 0909522840
    📲 0923350054

🔖
💬  በTelegram ለማዘዝ ⤵️ ይጠቀሙ
@shager_onlinestore
  
ለተጨማሪ ማብራሪያ የቴሌግራም ገፃችን⤵️
https://t.me/Shageronlinestore"
-1.0012E+12,2024-09-24 12:57:53+00:00,"🌟4pcs travel squeeze bottle

⚡️For:-shampoo,conditioner,cream,lotion,shower gel,liquid soap....etc 

⚡️size:-90ml

⚡leakproof️

        ዋጋ:-600ብር✅

🏢 አድራሻ  👉 መገናኛ ስሪ ኤም ሲቲ ሞል  ሁለተኛ ፎቅ ቢሮ ቁ. SL-05A(ከ ሊፍቱ ፊት ለ ፊት)

📍ቁ.2 👉ለቡ  መዳህኒዓለም ቤተ/ክርስቲያን ፊት ለፊት  #ዛም_ሞል 2ኛ ፎቅ ቢሮ ቁጥር.214

👍ለቡ ቅርንጫፍ📲0973611819



     💧💧💧💧


    📲 0909522840
    📲 0923350054

🔖
💬  በTelegram ለማዘዝ ⤵️ ይጠቀሙ
@shager_onlinestore
  
ለተጨማሪ ማብራሪያ የቴሌግራም ገፃችን⤵️
https://t.me/Shageronlinestore"
-1.0012E+12,2024-09-24 12:56:53+00:00,"🌟4pcs travel squeeze bottle

⚡️For:-shampoo,conditioner,cream,lotion,shower gel,liquid soap....etc 

⚡️size:-90ml

⚡leakproof️

        ዋጋ:-600ብር✅

⚡️ውስን ፍሬ ነው ያለን

🏢 አድራሻ  👉 መገናኛ ስሪ ኤም ሲቲ ሞል  ሁለተኛ ፎቅ ቢሮ ቁ. SL-05A(ከ ሊፍቱ ፊት ለ ፊት)

📍ቁ.2 👉ለቡ  መዳህኒዓለም ቤተ/ክርስቲያን ፊት ለፊት  #ዛም_ሞል 2ኛ ፎቅ ቢሮ ቁጥር.214

👍ለቡ ቅርንጫፍ📲0973611819


     💧💧💧💧


    


    📲 0909522840
    📲 0923350054

🔖
💬  በTelegram ለማዘዝ ⤵️ ይጠቀሙ
@shager_onlinestore
  
ለተጨማሪ ማብራሪያ የቴሌግራም ገፃችን⤵️
https://t.me/Shageronlinestore"
-1.0012E+12,2024-09-24 11:42:30+00:00,"🌟 #ልዩ_ቅናሽ🌟
📌🔥🥞🔥 Wass Metad ዋስ ምጣድ 🔥🥞

⚡️  16 inch(41 cm)  ስፋት
⚡️  ሙሉ በሙሉ ዲጂታል
⚡️ ሟሟሸት ማሰስ የማይፈልግ

🧆ለእንጀራ

🍕ለፒዛ 

🫓 ለቆጮ

🥟 ለአንባሻ

🥞ለፓን ኬክ

🥩 ለጥብሳጥብስ

🌮ለቂጣ ዘሮች በሙሉ መዋል ይችላል::

         ዋጋ፦13,400✅

                 

 ♦️ውስን ፍሬ ነው ያለው

🏢 አድራሻ ቁ.1 👉 መገናኛ ስሪ ኤም ሲቲ ሞል  ሁለተኛ ፎቅ ቢሮ ቁ. SL-05A(ከ ሊፍቱ ፊት ለ ፊት)
📍ቁ.2 👉ለቡ  መዳህኒዓለም ቤተ/ክርስቲያን ፊት ለፊት  #ዛም_ሞል 2ኛ ፎቅ ቢሮ ቁጥር.214

👍ለቡ ቅርንጫፍ📲0973611819


     💧💧💧💧


    📲 0909522840
    📲 0923350054

🔖
💬  በTelegram ለማዘዝ ⤵️ ይጠቀሙ
@shager_onlinestore
  
ለተጨማሪ ማብራሪያ የቴሌግራም ገፃችን⤵️
https://t.me/Shageronlinestore"
-1.0012E+12,2024-09-24 07:05:34+00:00,"💥Egg Poacher

👉በኤሌክትሪክ የሚሰራ
👉 ከ 1_ 7 እንቁላል መቀቀል የሚያስችል 
👉ለአጠቃም ቀላል

ዋጋ፦  🏷  1000 ብር

♦️ውስን ፍሬ ነው ያለን

🏢 አድራሻ  ቁ.1👉 ስሪ ኤም ሲቲ ሞል  ሁለተኛ ፎቅ ቢሮ ቁ. SL-05A(ከ ሊፍቱ ፊት ለ ፊት)

📍ቁ.2 👉ለቡ  መዳህኒዓለም ቤተ/ክርስቲያን ፊት ለፊት  #ዛም_ሞል 2ኛ ፎቅ ቢሮ ቁጥር.214

👍ለቡ ቅርንጫፍ📲0973611819



    📲 0909522840
    📲 0923350054

🔖
💬  በTelegram ለማዘዝ ⤵️ ይጠቀሙ
@shager_onlinestore
  
ለተጨማሪ ማብራሪያ የቴሌግራም ገፃችን⤵️
https://t.me/Shageronlinestore"
-1.0012E+12,2024-09-23 16:39:59+00:00,"🍗🥩🍖🍟15LITTER  SILVER CREST AIR FRAYER

➡️ ያለ ዘይት ምግብ ማብሰያ
➡️ባለ ሶስት ደረጃ ማብሰያ
➡️ በአንድ ጊዜ 15 ሊትር ምግብ ያበስሉበታል
➡️ የፈለጉትን ፍራፍሬ በፍጥነት አድርቆ ፓውደር ለማዘጋጀት የሚፈለግ
➡️ ባለሙያዎች ""ቋንጣ"" ስጋ ያደርቁበታልም
➡️1400 W ሃይል የሚጠቀም ፈጣን
➡️ ከዘይትና ቅባት ነፃ የሆነ ምግብ አብስለው በመመገብ ጤናዎን ይጠብቁ
➡️ቺፕስ ፣ሰቴክ ፣ ቺክን ማንኛውንም ነገር ያለዘይት ተፈጥሯዊ ጣዕሙን ሳይለውጥ መጥበስ የሚያስችል 
➡️ኬክ መስራት የሚያስችል

              💲 ዋጋ፦ 10500 ብር


ውስን ፍሬ ነው የቀረው ❌❌

🏢 አድራሻ  ቁ.1👉 ስሪ ኤም ሲቲ ሞል  ሁለተኛ ፎቅ ቢሮ ቁ. SL-05A(ከ ሊፍቱ ፊት ለ ፊት)

📍ቁ.2 👉ለቡ  መዳህኒዓለም ቤተ/ክርስቲያን ፊት ለፊት  #ዛም_ሞል 2ኛ ፎቅ ቢሮ ቁጥር.214

👍ለቡ ቅርንጫፍ📲0973611819



    📲 0909522840
    📲 0923350054

🔖
💬  በTelegram ለማዘዝ ⤵️ ይጠቀሙ
@shager_onlinestore
  
ለተጨማሪ ማብራሪያ የቴሌግራም ገፃችን⤵️
https://t.me/Shageronlinestore"
-1.0012E+12,2024-09-23 16:35:34+00:00,"🍗🥩🍖🍟15LITTER  SILVER CREST AIR FRAYER

➡️ ያለ ዘይት ምግብ ማብሰያ
➡️ባለ ሶስት ደረጃ ማብሰያ
➡️ በአንድ ጊዜ 15 ሊትር ምግብ ያበስሉበታል
➡️ የፈለጉትን ፍራፍሬ በፍጥነት አድርቆ ፓውደር ለማዘጋጀት የሚፈለግ
➡️ ባለሙያዎች ""ቋንጣ"" ስጋ ያደርቁበታልም
➡️1400 W ሃይል የሚጠቀም ፈጣን
➡️ ከዘይትና ቅባት ነፃ የሆነ ምግብ አብስለው በመመገብ ጤናዎን ይጠብቁ
➡️ቺፕስ ፣ሰቴክ ፣ ቺክን ማንኛውንም ነገር ያለዘይት ተፈጥሯዊ ጣዕሙን ሳይለውጥ መጥበስ የሚያስችል 
➡️ኬክ መስራት የሚያስችል

              💲 ዋጋ፦ 10500 ብር


ውስን ፍሬ ነው የቀረው ❌❌

🏢 አድራሻ  ቁ.1👉 ስሪ ኤም ሲቲ ሞል  ሁለተኛ ፎቅ ቢሮ ቁ. SL-05A(ከ ሊፍቱ ፊት ለ ፊት)

📍ቁ.2 👉ለቡ  መዳህኒዓለም ቤተ/ክርስቲያን ፊት ለፊት  #ዛም_ሞል 2ኛ ፎቅ ቢሮ ቁጥር.214

👍ለቡ ቅርንጫፍ📲0973611819



    📲 0909522840
    📲 0923350054

🔖
💬  በTelegram ለማዘዝ ⤵️ ይጠቀሙ
@shager_onlinestore
  
ለተጨማሪ ማብራሪያ የቴሌግራም ገፃችን⤵️
https://t.me/Shageronlinestore"
-1.0012E+12,2024-09-23 07:01:10+00:00,"💥 Long Sewer Cleaning Wire Spring

👉length:-1.60cm
👉Bringing more convenience to the people in their daily life.

⚡Quality iron wire and pp material
⚡Flexible spring cable and retractable claws
⚡Long enough to get deep into drains
⚡Remove any clogs and debris
⚡For kitchen, bathroom, sinks, drain, tubs, etc.


         ዋጋ፦ 500✅ ብር

🏢 አድራሻ  ቁ.1👉 ስሪ ኤም ሲቲ ሞል  ሁለተኛ ፎቅ ቢሮ ቁ. SL-05A(ከ ሊፍቱ ፊት ለ ፊት)

📍ቁ.2 👉ለቡ  መዳህኒዓለም ቤተ/ክርስቲያን ፊት ለፊት  #ዛም_ሞል 2ኛ ፎቅ ቢሮ ቁጥር.214

👍ለቡ ቅርንጫፍ📲0973611819



     💧💧💧💧


    📲 0909522840
    📲 0923350054

🔖
💬  በTelegram ለማዘዝ ⤵️ ይጠቀሙ
@shager_onlinestore
  
ለተጨማሪ ማብራሪያ የቴሌግራም ገፃችን⤵️
https://t.me/Shageronlinestore"
-1.0012E+12,2024-09-23 07:01:10+00:00,"💥 Long Sewer Cleaning Wire Spring

👉length:-1.60cm
👉Bringing more convenience to the people in their daily life.

⚡Quality iron wire and pp material
⚡Flexible spring cable and retractable claws
⚡Long enough to get deep into drains
⚡Remove any clogs and debris
⚡For kitchen, bathroom, sinks, drain, tubs, etc.


         ዋጋ፦ 500✅ ብር

ኑሮወን የሚያቀሉ የተለያዩ እቃወች ከ #sheger_onlinestore

🏢 አድራሻ  ቁ.1👉 ስሪ ኤም ሲቲ ሞል  ሁለተኛ ፎቅ ቢሮ ቁ. SL-05A(ከ ሊፍቱ ፊት ለ ፊት)

📍ቁ.2 👉ለቡ  መዳህኒዓለም ቤተ/ክርስቲያን ፊት ለፊት  #ዛም_ሞል 2ኛ ፎቅ ቢሮ ቁጥር.214

👍ለቡ ቅርንጫፍ📲0973611819




    📲 0909522840
    📲 0923350054

🔖
💬  በTelegram ለማዘዝ ⤵️ ይጠቀሙ
@shager_onlinestore
  
ለተጨማሪ ማብራሪያ የቴሌግራም ገፃችን⤵️
https://t.me/Shageronlinestore"
-1.0012E+12,2024-09-21 14:19:51+00:00,"💥 Sweat Shaper
     Slimming body shaper 

🎽የወንድ  Sweat Shaper አስመጥተናል

🎽አነስተኛ እንቅስቃሴ ሲያደርጉ የሰውነት ሙቀትን በመጨመር ሰውነታችን ውስጥ ያለን ስብ አቃጥሎ በማጥፋት የተስተካከለ ቁመና የሚያላብስ ልዩ ቴክኖሎጂ

🎽የሰውነት ክብደትን ባጭር ጊዜ ይቀንሳል 
🎽 በትንሽ እንቅስቃሴ ከፍተኛ ካሎሪን ያቃጥላል
🎽ሆዳችን ላይ ያለን ስብ በማቅለጥ ያማረ የሆድ ቅርፅ ያላብሰናል

💥የወንድ Available Size:  
📌 S/M, L/XL, 2XL/3XL

    
            ዋጋ፦ 950 ብር✅

🏢 አድራሻ  ቁ.1👉 ስሪ ኤም ሲቲ ሞል  ሁለተኛ ፎቅ ቢሮ ቁ. SL-05A(ከ ሊፍቱ ፊት ለ ፊት)

📍ቁ.2 👉ለቡ  መዳህኒዓለም ቤተ/ክርስቲያን ፊት ለፊት  #ዛም_ሞል 2ኛ ፎቅ ቢሮ ቁጥር.214

👍ለቡ ቅርንጫፍ📲0973611819



     💧💧💧💧


    📲 0909522840
    📲 0923350054

🔖
💬  በTelegram ለማዘዝ ⤵️ ይጠቀሙ
@shager_onlinestore
  
ለተጨማሪ ማብራሪያ የቴሌግራም ገፃችን⤵️
https://t.me/Shageronlinestore"
-1.0012E+12,2024-09-21 14:19:51+00:00,"💥 Sweat Shaper
     Slimming body shaper 

🎽የወንድ  Sweat Shaper አስመጥተናል

🎽አነስተኛ እንቅስቃሴ ሲያደርጉ የሰውነት ሙቀትን በመጨመር ሰውነታችን ውስጥ ያለን ስብ አቃጥሎ በማጥፋት የተስተካከለ ቁመና የሚያላብስ ልዩ ቴክኖሎጂ

🎽የሰውነት ክብደትን ባጭር ጊዜ ይቀንሳል 
🎽 በትንሽ እንቅስቃሴ ከፍተኛ ካሎሪን ያቃጥላል
🎽ሆዳችን ላይ ያለን ስብ በማቅለጥ ያማረ የሆድ ቅርፅ ያላብሰናል

💥የወንድ Available Size:  
📌 S/M, L/XL, 2XL/3XL

    
            ዋጋ፦ 950 ብር✅

🏢 አድራሻ  ቁ.1👉 ስሪ ኤም ሲቲ ሞል  ሁለተኛ ፎቅ ቢሮ ቁ. SL-05A(ከ ሊፍቱ ፊት ለ ፊት)

📍ቁ.2 👉ለቡ  መዳህኒዓለም ቤተ/ክርስቲያን ፊት ለፊት  #ዛም_ሞል 2ኛ ፎቅ ቢሮ ቁጥር.214

👍ለቡ ቅርንጫፍ📲0973611819



     💧💧💧💧


    📲 0909522840
    📲 0923350054

🔖
💬  በTelegram ለማዘዝ ⤵️ ይጠቀሙ
@shager_onlinestore
  
ለተጨማሪ ማብራሪያ የቴሌግራም ገፃችን⤵️
https://t.me/Shageronlinestore"
-1.0012E+12,2024-09-21 14:05:54+00:00,"💥 Sweat Shaper
     Slimming body shaper 

🎽የወንድ  Sweat Shaper አስመጥተናል

🎽አነስተኛ እንቅስቃሴ ሲያደርጉ የሰውነት ሙቀትን በመጨመር ሰውነታችን ውስጥ ያለን ስብ አቃጥሎ በማጥፋት የተስተካከለ ቁመና የሚያላብስ ልዩ ቴክኖሎጂ

🎽የሰውነት ክብደትን ባጭር ጊዜ ይቀንሳል 
🎽 በትንሽ እንቅስቃሴ ከፍተኛ ካሎሪን ያቃጥላል
🎽ሆዳችን ላይ ያለን ስብ በማቅለጥ ያማረ የሆድ ቅርፅ ያላብሰናል

💥የወንድ Available Size:  
📌 S/M, L/XL, 2XL/3XL

    
            ዋጋ፦ 950 ብር✅

🏢 አድራሻ  ቁ.1👉 ስሪ ኤም ሲቲ ሞል  ሁለተኛ ፎቅ ቢሮ ቁ. SL-05A(ከ ሊፍቱ ፊት ለ ፊት)

📍ቁ.2 👉ለቡ  መዳህኒዓለም ቤተ/ክርስቲያን ፊት ለፊት  #ዛም_ሞል 2ኛ ፎቅ ቢሮ ቁጥር.214

👍ለቡ ቅርንጫፍ📲0973611819



     💧💧💧💧


    📲 0909522840
    📲 0923350054

🔖
💬  በTelegram ለማዘዝ ⤵️ ይጠቀሙ
@shager_onlinestore
  
ለተጨማሪ ማብራሪያ የቴሌግራም ገፃችን⤵️
https://t.me/Shageronlinestore"
-1.0012E+12,2024-09-21 05:10:42+00:00,"💥Over Toilet Storage Rack

👉የቦታ ጥበት ካለብዎ ይሄ ያስፈልግዎታል
👉 Toilet/Kitchen ላይ ሊጠቀሙበት ይችላሉ
👉የንፅህና ዕቃዎችን፣ የግሮሰሪና ዕቃዎችን፣ ኮስሞቲክሶች እና አትክልት/ፍራፍሬዎችን ሊያስቀምጡበት ይችላሉ
👉 ግድግዳ መብሳት አያስፈልግዎትም
👉 ከጠንካራ ብረት እና ፕላስቲክ የተሰራ
👉 እርጥበትን የሚቋቋም የማይዝግ
👉 ማያያዣ ሁክ ያለው

         ዋጋ ፦1100 ብር✅✅

♦️ውስን ፍሬ ነው ያለው

    🏢 አድራሻ  ቁ.1👉 ስሪ ኤም ሲቲ ሞል  ሁለተኛ ፎቅ ቢሮ ቁ. SL-05A(ከ ሊፍቱ ፊት ለ ፊት)

📍ቁ.2 👉ለቡ  መዳህኒዓለም ቤተ/ክርስቲያን ፊት ለፊት  #ዛም_ሞል 2ኛ ፎቅ ቢሮ ቁጥር.214

👍ለቡ ቅርንጫፍ📲0973611819


    📲 0909522840
    📲 0923350054

🔖
💬  በTelegram ለማዘዝ ⤵️ ይጠቀሙ
@shager_onlinestore
  
ለተጨማሪ ማብራሪያ የቴሌግራም ገፃችን⤵️
https://t.me/Shageronlinestore"
-1.0012E+12,2024-09-21 05:10:42+00:00,"💥Over Toilet Storage Rack

👉የቦታ ጥበት ካለብዎ ይሄ ያስፈልግዎታል
👉 Toilet/Kitchen ላይ ሊጠቀሙበት ይችላሉ
👉የንፅህና ዕቃዎችን፣ የግሮሰሪና ዕቃዎችን፣ ኮስሞቲክሶች እና አትክልት/ፍራፍሬዎችን ሊያስቀምጡበት ይችላሉ
👉 ግድግዳ መብሳት አያስፈልግዎትም
👉 ከጠንካራ ብረት እና ፕላስቲክ የተሰራ
👉 እርጥበትን የሚቋቋም የማይዝግ
👉 ማያያዣ ሁክ ያለው

         ዋጋ ፦1100 ብር✅✅

♦️ውስን ፍሬ ነው ያለው

    🏢 አድራሻ  ቁ.1👉 ስሪ ኤም ሲቲ ሞል  ሁለተኛ ፎቅ ቢሮ ቁ. SL-05A(ከ ሊፍቱ ፊት ለ ፊት)

📍ቁ.2 👉ለቡ  መዳህኒዓለም ቤተ/ክርስቲያን ፊት ለፊት  #ዛም_ሞል 2ኛ ፎቅ ቢሮ ቁጥር.214

👍ለቡ ቅርንጫፍ📲0973611819


    📲 0909522840
    📲 0923350054

🔖
💬  በTelegram ለማዘዝ ⤵️ ይጠቀሙ
@shager_onlinestore
  
ለተጨማሪ ማብራሪያ የቴሌግራም ገፃችን⤵️
https://t.me/Shageronlinestore"
-1.0012E+12,2024-09-20 19:04:06+00:00,"🌟Babycook kids Food Grinder Machine 

🍀 Powerful function features steam, agitation, heating and electronic health
🍀 Save time and energy, it only take you 15 minutes
🍀 Convenient for use. It's no noise, simple, cooking and storing food in one hand
🔠#Function: Juicing, stirring, making milkshake, crushing ice, mixing

#Specification:
👉Color: Light Green, 
👉Power: 220V/50Hz
👉Heating power: 300W
👉Mixing power: 120W
👉Capacity: 190ml
👉Use time: 10-15 minutes


              ዋጋ፦ 5500ብር🔠
         

🏢 አድራሻ  ቁ.1👉 መገናኛ  ከ ዘፍ መሽ ግራንድ ሞል ወረድ ብለዉ ፊት ለ ፊት ስሪ ኤም ሲቲ ሞል  ሁለተኛ ፎቅ ቢሮ ቁ. SL-05A(ከ ሊፍቱ ፊት ለ ፊት)

📍ቁ.2 👉ለቡ  መዳህኒዓለም ቤተ/ክርስቲያን ፊት ለፊት  #ዛም_ሞል 2ኛ ፎቅ ቢሮ ቁጥር.214

👍ለቡ ቅርንጫፍ📲0973611819

     💧💧💧💧


    📲 0909522840
    📲 0923350054

🔖
💬  በTelegram ለማዘዝ ⤵️ ይጠቀሙ
@shager_onlinestore
  
ለተጨማሪ ማብራሪያ የቴሌግራም ገፃችን⤵️
https://t.me/Shageronlinestore"
-1.0012E+12,2024-09-20 19:04:06+00:00,"🌟Babycook kids  Food Grinder Machine 

🍀 Powerful function features steam, agitation, heating and electronic health
🍀 Save time and energy, it only take you 15 minutes
🍀 Convenient for use. It's no noise, simple, cooking and storing food in one hand
🔠#Function: Juicing, stirring, making milkshake, crushing ice, mixing

#Specification:
👉Color: Light Green, light pink
👉Power: 220V/50Hz
👉Heating power: 300W
👉Mixing power: 120W
👉Capacity: 190ml
👉Use time: 10-15 minutes


              ዋጋ፦5500 ✅ 
         

🏢 አድራሻ  ቁ.1👉 መገናኛ  ከ ዘፍ መሽ ግራንድ ሞል ወረድ ብለዉ ፊት ለ ፊት ስሪ ኤም ሲቲ ሞል  ሁለተኛ ፎቅ ቢሮ ቁ. SL-05A(ከ ሊፍቱ ፊት ለ ፊት)

📍ቁ.2 👉ለቡ  መዳህኒዓለም ቤተ/ክርስቲያን ፊት ለፊት  #ዛም_ሞል 2ኛ ፎቅ ቢሮ ቁጥር.214

👍ለቡ ቅርንጫፍ📲0973611819
     💧💧💧💧


    📲 0909522840
    📲 0923350054

🔖
💬  በTelegram ለማዘዝ ⤵️ ይጠቀሙ
@shager_onlinestore
  
ለተጨማሪ ማብራሪያ የቴሌግራም ገፃችን⤵️
https://t.me/Shageronlinestore"
-1.0012E+12,2024-09-20 19:02:35+00:00,"💥 Babycook kids Food Grinder Machine 

🍀 Powerful function features steam, agitation, heating and electronic health
🍀 Save time and energy, it only take you 15 minutes
🍀 Convenient for use. It's no noise, simple, cooking and storing food in one hand
🔠#Function: Juicing, stirring, making milkshake, crushing ice, mixing

#Specification:
👉Color: Light Green, 
👉Power: 220V/50Hz
👉Heating power: 300W
👉Mixing power: 120W
👉Capacity: 190ml
👉Use time: 10-15 minutes


           ዋጋ፦ 5500ብር✅ 
         

🏢 አድራሻ ቁ.1 👉 መገናኛ  ከ ዘፍ መሽ ግራንድ ሞል ወረድ ብለዉ ፊት ለ ፊት ስሪ ኤም ሲቲ ሞል  ሁለተኛ ፎቅ ቢሮ ቁ. SL-05A(ከ ሊፍቱ ፊት ለ ፊት)

📍ቁ.2 👉ለቡ  መዳህኒዓለም ቤተ/ክርስቲያን ፊት ለፊት  #ዛም_ሞል 2ኛ ፎቅ ቢሮ ቁጥር.214

👍ለቡ ቅርንጫፍ📲0973611819
     💧💧💧💧


    📲 0909522840
    📲 0923350054

🔖
💬  በTelegram ለማዘዝ ⤵️ ይጠቀሙ
@shager_onlinestore
  
ለተጨማሪ ማብራሪያ የቴሌግራም ገፃችን⤵️
https://t.me/Shageronlinestore"
-1.0012E+12,2024-09-20 11:50:02+00:00,"💥3pcs silicon brush spatulas

⚡እስከ 260°c ሙቀት መቆቆም የሚችል
      
         ዋጋ-550ብር✅

🏢 አድራሻ  ቁ.1👉 ስሪ ኤም ሲቲ ሞል  ሁለተኛ ፎቅ ቢሮ ቁ. SL-05A(ከ ሊፍቱ ፊት ለ ፊት)

📍ቁ.2 👉ለቡ  መዳህኒዓለም ቤተ/ክርስቲያን ፊት ለፊት  #ዛም_ሞል 2ኛ ፎቅ ቢሮ ቁጥር.214

👍ለቡ ቅርንጫፍ📲0973611819



    📲 0909522840
    📲 0923350054

🔖
💬  በTelegram ለማዘዝ ⤵️ ይጠቀሙ
@shager_onlinestore
  
ለተጨማሪ ማብራሪያ የቴሌግራም ገፃችን⤵️
https://t.me/Shageronlinestore"
-1.0012E+12,2024-09-20 08:11:40+00:00,"💥Mandoline Slicer

👉 ጊዜ ቆጣቢ ስላይስ ማድረጊያ 
👉  ለእጅ ሴፍቲ ተመራጭ
👉  ለድንች ለካሮትና ሌሎች አታክልቶች ተመራጭ 
👉ጥራት ያለው ዕቃ

     ዋጋ፦ ✅ 1,200 ብር

🏢 አድራሻ  ቁ.1👉 ስሪ ኤም ሲቲ ሞል  ሁለተኛ ፎቅ ቢሮ ቁ. SL-05A(ከ ሊፍቱ ፊት ለ ፊት)

📍ቁ.2 👉ለቡ  መዳህኒዓለም ቤተ/ክርስቲያን ፊት ለፊት  #ዛም_ሞል 2ኛ ፎቅ ቢሮ ቁጥር.214

👍ለቡ ቅርንጫፍ📲0973611819



    📲 0909522840
    📲 0923350054

🔖
💬  በTelegram ለማዘዝ ⤵️ ይጠቀሙ
@shager_onlinestore
  
ለተጨማሪ ማብራሪያ የቴሌግራም ገፃችን⤵️
https://t.me/Shageronlinestore"
-1.0012E+12,2024-09-20 05:23:18+00:00,"💥Table Desk Edge Guard Strip
       💯 High Quality 

👉Made from soft, environmentally friendly, fireproof and non-toxic material.

👉Help to protect your child from the sharp edges and corners at home
👉Suitable for wood, bakelite, ceramic tile, marble, glass, metal corner, etc
👉Total length 2m, suitable for different sizes of furniture.

#Package_Included:
1* Table Desk Edge Guard Strip
1 * Double-sided Adhesive

ዋጋ፦  💰🏷  2meter:- 500 ብር✅

♦️ውስን ፍሬ ነው ያለው

🏢 አድራሻ  ቁ.1👉 ስሪ ኤም ሲቲ ሞል  ሁለተኛ ፎቅ ቢሮ ቁ. SL-05A(ከ ሊፍቱ ፊት ለ ፊት)

📍ቁ.2 👉ለቡ  መዳህኒዓለም ቤተ/ክርስቲያን ፊት ለፊት  #ዛም_ሞል 2ኛ ፎቅ ቢሮ ቁጥር.214

👍ለቡ ቅርንጫፍ📲0973611819


     💧💧💧💧


    📲 0909522840
    📲 0923350054

🔖
💬  በTelegram ለማዘዝ ⤵️ ይጠቀሙ
@shager_onlinestore
  
ለተጨማሪ ማብራሪያ የቴሌግራም ገፃችን⤵️
https://t.me/Shageronlinestore"
-1.0012E+12,2024-09-20 05:21:14+00:00,"💥Table Desk Edge Guard Strip
       💯 High Quality 

👉Made from soft, environmentally friendly, fireproof and non-toxic material.

👉Help to protect your child from the sharp edges and corners at home
👉Suitable for wood, bakelite, ceramic tile, marble, glass, metal corner, etc
👉Total length 2m, suitable for different sizes of furniture.

#Package_Included:
1* Table Desk Edge Guard Strip
1 * Double-sided Adhesive

ዋጋ፦  💰🏷  2meter:- 500 ብር✅

♦️ውስን ፍሬ ነው ያለው

🏢 አድራሻ  ቁ.1👉 ስሪ ኤም ሲቲ ሞል  ሁለተኛ ፎቅ ቢሮ ቁ. SL-05A(ከ ሊፍቱ ፊት ለ ፊት)

📍ቁ.2 👉ለቡ  መዳህኒዓለም ቤተ/ክርስቲያን ፊት ለፊት  #ዛም_ሞል 2ኛ ፎቅ ቢሮ ቁጥር.214

👍ለቡ ቅርንጫፍ📲0973611819


     💧💧💧💧


    📲 0909522840
    📲 0923350054

🔖
💬  በTelegram ለማዘዝ ⤵️ ይጠቀሙ
@shager_onlinestore
  
ለተጨማሪ ማብራሪያ የቴሌግራም ገፃችን⤵️
https://t.me/Shageronlinestore"
-1.0012E+12,2024-09-19 13:54:46+00:00,"💥Only baby 3in1 double bottle milk warmer,sterilizer,food steamer

        ዋጋ:-3000ብር✅

❌ውስን ፍሬ ነው ያለው

🏢 አድራሻ  ቁ.1👉 ስሪ ኤም ሲቲ ሞል  ሁለተኛ ፎቅ ቢሮ ቁ. SL-05A(ከ ሊፍቱ ፊት ለ ፊት)

📍ቁ.2 👉ለቡ  መዳህኒዓለም ቤተ/ክርስቲያን ፊት ለፊት  #ዛም_ሞል 2ኛ ፎቅ ቢሮ ቁጥር.214

👍ለቡ ቅርንጫፍ📲0973611819



     💧💧💧💧


    📲 0909522840
    📲 0923350054

🔖
💬  በTelegram ለማዘዝ ⤵️ ይጠቀሙ
@shager_onlinestore
  
ለተጨማሪ ማብራሪያ የቴሌግራም ገፃችን⤵️
https://t.me/Shageronlinestore"
-1.0012E+12,2024-09-19 13:54:27+00:00,"💥Only baby 3in1 double bottle milk warmer,sterilizer,food steamer

        ዋጋ:-3000ብር✅

❌ውስን ፍሬ ነው ያለው

🏢 አድራሻ  ቁ.1👉 ስሪ ኤም ሲቲ ሞል  ሁለተኛ ፎቅ ቢሮ ቁ. SL-05A(ከ ሊፍቱ ፊት ለ ፊት)

📍ቁ.2 👉ለቡ  መዳህኒዓለም ቤተ/ክርስቲያን ፊት ለፊት  #ዛም_ሞል 2ኛ ፎቅ ቢሮ ቁጥር.214

👍ለቡ ቅርንጫፍ📲0973611819



     💧💧💧💧


    📲 0909522840
    📲 0923350054

🔖
💬  በTelegram ለማዘዝ ⤵️ ይጠቀሙ
@shager_onlinestore
  
ለተጨማሪ ማብራሪያ የቴሌግራም ገፃችን⤵️
https://t.me/Shageronlinestore"
-1.0012E+12,2024-09-19 07:51:05+00:00,"💥1pc stainless steel loaf pan

👍ትልቁ

         ዋጋ:-ትልቁ:-800ብር✅

❌ውስን ፍሬ ነው ያለው

🏢 አድራሻ  ቁ.1👉 ስሪ ኤም ሲቲ ሞል  ሁለተኛ ፎቅ ቢሮ ቁ. SL-05A(ከ ሊፍቱ ፊት ለ ፊት)

📍ቁ.2 👉ለቡ  መዳህኒዓለም ቤተ/ክርስቲያን ፊት ለፊት  #ዛም_ሞል 2ኛ ፎቅ ቢሮ ቁጥር.214

👍ለቡ ቅርንጫፍ📲0973611819

    📲 0909522840
    📲 0923350054

🔖
💬  በTelegram ለማዘዝ ⤵️ ይጠቀሙ
@shager_onlinestore
  
ለተጨማሪ ማብራሪያ የቴሌግራም ገፃችን⤵️
https://t.me/Shageronlinestore"
-1.0012E+12,2024-09-18 14:19:39+00:00,"📣Geemy Rechargable Hair  Clipper

✔️ የፀጉርና የፂም መቁረጪያ ቶንዶስ
✔️ በቻርጅ የሚሰራ 
✔️ ከ3-4 ሰዓት ቻርጅ ተደርጎ ከ240-300 ደቂቃ  ይጠቀሙበታል
✔️ መለዋወጫ 4 ጥርስ ያለው
✔️ 2000mA ባትሪ
✔️ በየትኛውም የሰውነት ክፍል የሚበቅል ፀጉርን ሙልጭጭ አድርጎ ይቆርጣል፤ ቅርፅም ያወጣል
🤫 ፀጉር ቤት ይዘውት ቢጠቀሙበት የሚያኮራ
✔️ የባትሪ መጠን ማሳያ ስክሪን ያለው

      ዋጋ:-2100 ብር💵

❌ውስን ፍሬ ነው ያለው

🏢 አድራሻ  ቁ.1👉 ስሪ ኤም ሲቲ ሞል  ሁለተኛ ፎቅ ቢሮ ቁ. SL-05A(ከ ሊፍቱ ፊት ለ ፊት)

📍ቁ.2 👉ለቡ  መዳህኒዓለም ቤተ/ክርስቲያን ፊት ለፊት  #ዛም_ሞል 2ኛ ፎቅ ቢሮ ቁጥር.214

👍ለቡ ቅርንጫፍ📲0973611819

     
    📲 0909522840
    📲 0923350054

🔖
💬  በTelegram ለማዘዝ ⤵️ ይጠቀሙ
@shager_onlinestore
  
ለተጨማሪ ማብራሪያ የቴሌግራም ገፃችን⤵️
https://t.me/Shageronlinestore"
-1.0012E+12,2024-09-18 10:38:39+00:00,"💥 kids water bottle

 👉ጠንካራ እና እማይሰበር

     ዋጋ:-450ml:-600ብር✅
           800ml:-650ብር✅

🏢 አድራሻ  ቁ.1👉 መገናኝ ስሪ ኤም ሲቲ ሞል  ሁለተኛ ፎቅ ቢሮ ቁ. SL-05A(ከ ሊፍቱ ፊት ለ ፊት)

📍ቁ.2 👉ለቡ  መዳህኒዓለም ቤተ/ክርስቲያን ፊት ለፊት  #ዛም_ሞል 2ኛ ፎቅ ቢሮ ቁጥር.214


👍ለቡ ቅርንጫፍ📲0973611819

     


    📲 0909522840
    📲 0923350054

🔖
💬  በTelegram ለማዘዝ ⤵️ ይጠቀሙ
@shager_onlinestore
  
ለተጨማሪ ማብራሪያ የቴሌግራም ገፃችን⤵️
https://t.me/Shageronlinestore"
-1.0012E+12,2024-09-18 06:22:40+00:00,"💥4Pcs isolated lunch box with bag 

⚡️በውስጡ 4 የምሳ ዕቃወች የያዘ
⚡️leakp️roof
⚡️stainless still food grade materials
⚡️ምግብዎን ሳያቀዘቅዝ እንደሞቀ ሚያቆይ
    

        🟠በቢሮዎ ውስጥ
         🍵 ለልጆች ትምህርት ቤት


      ዋጋ:-3200ብር✅


✖️ውስን ፍሬ ነው ያለን


🏢 አድራሻ  ቁ.1👉 መገናኛ ስሪ ኤም ሲቲ ሞል  ሁለተኛ ፎቅ ቢሮ ቁ. SL-05A(ከ ሊፍቱ ፊት ለ ፊት)

📍ቁ.2 👉ለቡ  መዳህኒዓለም ቤተ/ክርስቲያን ፊት ለፊት  #ዛም_ሞል 2ኛ ፎቅ ቢሮ ቁጥር.214


👍ለቡ ቅርንጫፍ📲0973611819


   

    📲 0909522840
    📲 0923350054

🔖
💬  በTelegram ለማዘዝ ⤵️ ይጠቀሙ
@shager_onlinestore
  
ለተጨማሪ ማብራሪያ የቴሌግራም ገፃችን⤵️
https://t.me/Shageronlinestore"
-1.0012E+12,2024-09-18 06:17:49+00:00,"💥4Pcs isolated lunch box with bag 

⚡️በውስጡ 4 የምሳ ዕቃወች የያዘ
⚡️leakp️roof
⚡️stainless still food grade materials
⚡️ምግብዎን ሳያቀዘቅዝ እንደሞቀ ሚያቆይ
    

        🟠በቢሮዎ ውስጥ
         🍵 ለልጆች ትምህርት ቤት


      ዋጋ:-3200ብር✅


✖️ውስን ፍሬ ነው ያለን


🏢 አድራሻ  ቁ.1👉 መገናኛ ስሪ ኤም ሲቲ ሞል  ሁለተኛ ፎቅ ቢሮ ቁ. SL-05A(ከ ሊፍቱ ፊት ለ ፊት)

📍ቁ.2 👉ለቡ  መዳህኒዓለም ቤተ/ክርስቲያን ፊት ለፊት  #ዛም_ሞል 2ኛ ፎቅ ቢሮ ቁጥር.214


👍ለቡ ቅርንጫፍ📲0973611819


   

    📲 0909522840
    📲 0923350054

🔖
💬  በTelegram ለማዘዝ ⤵️ ይጠቀሙ
@shager_onlinestore
  
ለተጨማሪ ማብራሪያ የቴሌግራም ገፃችን⤵️
https://t.me/Shageronlinestore"
-1.0012E+12,2024-09-17 14:54:46+00:00,"📣 Telescopic Stainless Steel Majic Mop

✔️ ማጂክ መወልወያ
✔️ ውሃ በከፍተኛ ደረጃ ይመጣል
✔️በራሱ ይጨምቃል ከእጅ ንኪኪ ነፃ

        💲 ዋጋ፦ 800 ብር


ውስን ፍሬ ነው የቀረው ❌❌
< Limited Stock 📌

🏢 አድራሻ  ቁ.1👉 መገናኛ ታሜ ጋስ ህንፃ ጎን ስሪ ኤም ሲቲ ሞል  ሁለተኛ ፎቅ ቢሮ ቁ. SL-05A(ከ ሊፍቱ ፊት ለ ፊት)

📍ቁ.2 👉ለቡ  መዳህኒዓለም ቤተ/ክርስቲያን ፊት ለፊት  #ዛም_ሞል 2ኛ ፎቅ ቢሮ ቁጥር.214

     💧💧💧💧


    📲 0909522840
    📲 0923350054

🔖
💬  በTelegram ለማዘዝ ⤵️ ይጠቀሙ
@shager_onlinestore
  
ለተጨማሪ ማብራሪያ የቴሌግራም ገፃችን⤵️
https://t.me/Shageronlinestore"
-1.0012E+12,2024-09-17 14:47:03+00:00,"📣 Telescopic Stainless Steel Majic Mop

✔️ ማጂክ መወልወያ
✔️ ውሃ በከፍተኛ ደረጃ ይመጣል
✔️በራሱ ይጨምቃል ከእጅ ንኪኪ ነፃ

        💲 ዋጋ፦ 800 ብር


ውስን ፍሬ ነው የቀረው ❌❌
< Limited Stock 📌

🏢 አድራሻ  ቁ.1👉 መገናኛ ታሜ ጋስ ህንፃ ጎን ስሪ ኤም ሲቲ ሞል  ሁለተኛ ፎቅ ቢሮ ቁ. SL-05A(ከ ሊፍቱ ፊት ለ ፊት)

📍ቁ.2 👉ለቡ  መዳህኒዓለም ቤተ/ክርስቲያን ፊት ለፊት  #ዛም_ሞል 2ኛ ፎቅ ቢሮ ቁጥር.214

     💧💧💧💧


    📲 0909522840
    📲 0923350054

🔖
💬  በTelegram ለማዘዝ ⤵️ ይጠቀሙ
@shager_onlinestore
  
ለተጨማሪ ማብራሪያ የቴሌግራም ገፃችን⤵️
https://t.me/Shageronlinestore"
-1.0012E+12,2024-09-17 08:56:08+00:00,"💥Portable menstural heating pad

⚡️በወር አበባ ወቅት ለሚመጡ ህመሞች ፍቱን መፍትሄ

👍period pain relief
👍high quality material
👍portable and rechargable
👍quick pain relief
👍total comfort
👍Best gift for friends, family or loved ones.
       ዋጋ:-1900ብር✅

✖️ውስን ፍሬ ነው ያለን

🏢 አድራሻ  ቁ.1👉 መገናኛ ታሜ ጋስ ህንፃ ጎን ስሪ ኤም ሲቲ ሞል  ሁለተኛ ፎቅ ቢሮ ቁ. SL-05A(ከ ሊፍቱ ፊት ለ ፊት)

📍ቁ.2 👉ለቡ  መዳህኒዓለም ቤተ/ክርስቲያን ፊት ለፊት  #ዛም_ሞል 2ኛ ፎቅ ቢሮ ቁጥር.214

     💧💧💧💧


    📲 0909522840
    📲 0923350054

🔖
💬  በTelegram ለማዘዝ ⤵️ ይጠቀሙ
@shager_onlinestore
  
ለተጨማሪ ማብራሪያ የቴሌግራም ገፃችን⤵️
https://t.me/Shageronlinestore"
-1.0012E+12,2024-09-17 08:55:49+00:00,"💥Portable menstural heating pad

⚡️በወር አበባ ወቅት ለሚመጡ ህመሞች ፍቱን መፍትሄ

👍period pain relief
👍high quality material
👍portable and rechargable
👍quick pain relief
👍total comfort
👍Best gift for friends, family or loved ones.
       ዋጋ:-1900ብር✅

✖️ውስን ፍሬ ነው ያለን

🏢 አድራሻ  ቁ.1👉 መገናኛ ታሜ ጋስ ህንፃ ጎን ስሪ ኤም ሲቲ ሞል  ሁለተኛ ፎቅ ቢሮ ቁ. SL-05A(ከ ሊፍቱ ፊት ለ ፊት)

📍ቁ.2 👉ለቡ  መዳህኒዓለም ቤተ/ክርስቲያን ፊት ለፊት  #ዛም_ሞል 2ኛ ፎቅ ቢሮ ቁጥር.214

     💧💧💧💧


    📲 0909522840
    📲 0923350054

🔖
💬  በTelegram ለማዘዝ ⤵️ ይጠቀሙ
@shager_onlinestore
  
ለተጨማሪ ማብራሪያ የቴሌግራም ገፃችን⤵️
https://t.me/Shageronlinestore"
-1.0012E+12,2024-09-17 08:55:30+00:00,"💥Portable menstural heating pad

⚡️በወር አበባ ወቅት ለሚመጡ ህመሞች ፍቱን መፍትሄ

👍period pain relief
👍high quality material
👍portable and rechargable
👍quick pain relief
👍total comfort
👍Best gift for friends, family or loved ones.
       ዋጋ:-1900ብር✅

✖️ውስን ፍሬ ነው ያለን

🏢 አድራሻ  ቁ.1👉 መገናኛ ታሜ ጋስ ህንፃ ጎን ስሪ ኤም ሲቲ ሞል  ሁለተኛ ፎቅ ቢሮ ቁ. SL-05A(ከ ሊፍቱ ፊት ለ ፊት)

📍ቁ.2 👉ለቡ  መዳህኒዓለም ቤተ/ክርስቲያን ፊት ለፊት  #ዛም_ሞል 2ኛ ፎቅ ቢሮ ቁጥር.214

     💧💧💧💧


    📲 0909522840
    📲 0923350054

🔖
💬  በTelegram ለማዘዝ ⤵️ ይጠቀሙ
@shager_onlinestore
  
ለተጨማሪ ማብራሪያ የቴሌግራም ገፃችን⤵️
https://t.me/Shageronlinestore"
-1.0012E+12,2024-09-17 08:50:56+00:00,"💥Portable menstural heating pad

⚡️በወር አበባ ወቅት ለሚመጡ ህመሞች ፍቱን መፍትሄ

👍period pain relief
👍high quality material
👍portable and rechargable
👍quick pain relief
👍total comfort
👍Best gift for friends, family or loved ones.

       ዋጋ:-1900ብር✅

✖️ውስን ፍሬ ነው ያለን

🏢 አድራሻ  ቁ.1👉 መገናኛ ታሜ ጋስ ህንፃ ጎን ስሪ ኤም ሲቲ ሞል  ሁለተኛ ፎቅ ቢሮ ቁ. SL-05A(ከ ሊፍቱ ፊት ለ ፊት)

📍ቁ.2 👉ለቡ  መዳህኒዓለም ቤተ/ክርስቲያን ፊት ለፊት  #ዛም_ሞል 2ኛ ፎቅ ቢሮ ቁጥር.214

     💧💧💧💧


    📲 0909522840
    📲 0923350054

🔖
💬  በTelegram ለማዘዝ ⤵️ ይጠቀሙ
@shager_onlinestore
  
ለተጨማሪ ማብራሪያ የቴሌግራም ገፃችን⤵️
https://t.me/Shageronlinestore"
-1.0012E+12,2024-09-17 05:20:55+00:00,"🌟 Reusable convenience LVy Grip Tape
💯High Quality 
®️ ውፍራም ቲክነስ ያለው አንደኛው
#ሕይወትዎን_የሚያቀል_ፕላስተር
⚡️ቆራርጠን መጠቀም የምንችለዉ
⚡️በ ሁለቱም ጎን አጣብቆ መያዝ የሚችል
⚡️ታጥቦ እንደገና ጥቅም ላይ ሊውል የሚችል 
⚡️ለስራ ቦታ ፣ለኪችንዎ... ተመራጭ

🪞Size: 3 Meter 
🪞 Double Sided Tape 
🪞Reusable,  Removable & Washable 
🪞 Ivy Grip Tape Life Magic Tape 
🪞Seamless hook, 
🪞nano-sol all-purpose tape


ዋጋ፦  💰🏷  3ሜትር 500 ብር

📍ውስን ፍሬ ነው ያለን/ Limited Stock

🏢 አድራሻ  ቁ.1👉 መገናኛ ታሜ ጋስ ህንፃ ጎን ስሪ ኤም ሲቲ ሞል  ሁለተኛ ፎቅ ቢሮ ቁ. SL-05A(ከ ሊፍቱ ፊት ለ ፊት)

📍ቁ.2 👉ለቡ  መዳህኒዓለም ቤተ/ክርስቲያን ፊት ለፊት  #ዛም_ሞል 2ኛ ፎቅ ቢሮ ቁጥር.214


👍ለቡ ቅርንጫፍ📲0985511819



     💧💧💧💧


    📲 0909522840
    📲 0923350054

🔖
💬  በTelegram ለማዘዝ ⤵️ ይጠቀሙ
@shager_onlinestore
  
ለተጨማሪ ማብራሪያ የቴሌግራም ገፃችን⤵️
https://t.me/Shageronlinestore"
-1.0012E+12,2024-09-17 05:20:55+00:00,"🌟 Reusable convenience LVy Grip Tape
💯High Quality 
®️ ውፍራም ቲክነስ ያለው አንደኛው
#ሕይወትዎን_የሚያቀል_ፕላስተር
⚡️ቆራርጠን መጠቀም የምንችለዉ
⚡️በ ሁለቱም ጎን አጣብቆ መያዝ የሚችል
⚡️ታጥቦ እንደገና ጥቅም ላይ ሊውል የሚችል 
⚡️ለስራ ቦታ ፣ለኪችንዎ... ተመራጭ

🪞Size: 3 Meter 
🪞 Double Sided Tape 
🪞Reusable,  Removable & Washable 
🪞 Ivy Grip Tape Life Magic Tape 
🪞Seamless hook, 
🪞nano-sol all-purpose tape


ዋጋ፦  💰🏷  3ሜትር 500 ብር

📍ውስን ፍሬ ነው ያለን/ Limited Stock

🏢 አድራሻ  👉 መገናኛ ታሜ ጋስ ህንፃ ጎን ስሪ ኤም ሲቲ ሞል  ሁለተኛ ፎቅ ቢሮ ቁ. SL-05A(ከ ሊፍቱ ፊት ለ ፊት)

     💧💧💧💧


    📲 0909522840
    📲 0923350054

🔖
💬  በTelegram ለማዘዝ ⤵️ ይጠቀሙ
@shager_onlinestore
  
ለተጨማሪ ማብራሪያ የቴሌግራም ገፃችን⤵️
https://t.me/Shageronlinestore"
-1.0012E+12,2024-09-16 12:41:29+00:00,"🛒 ከፍተኛ ሙቀት የሚችል ሴራሚክ የላዛኛ መስሪያ እንዲሁም ማቅረቢያ

👍family size
👍material:-ceramic
👍ኦቭን ውስጥ መገባት እሚችል

       ዋጋ:-1700 ብር✅


✖️ውስን ፍሬ ነው ያለን

🏢 አድራሻ  ቁ.1👉 መገናኛ ታሜ ጋስ ህንፃ ጎን ስሪ ኤም ሲቲ ሞል  ሁለተኛ ፎቅ ቢሮ ቁ. SL-05A(ከ ሊፍቱ ፊት ለ ፊት)

📍ቁ.2 👉ለቡ  መዳህኒዓለም ቤተ/ክርስቲያን ፊት ለፊት  #ዛም_ሞል 2ኛ ፎቅ ቢሮ ቁጥር.214

     💧💧💧💧


    📲 0909522840
    📲 0923350054

🔖
💬  በTelegram ለማዘዝ ⤵️ ይጠቀሙ
@shager_onlinestore
  
ለተጨማሪ ማብራሪያ የቴሌግራም ገፃችን⤵️
https://t.me/Shageronlinestore"
-1.0012E+12,2024-09-16 05:13:52+00:00,"💥Flame Aroma Diffuser Humidifier

👉በኤሌክትሪክ የሚሰራ 
👉 ለቤት መልካም መዓዛን የሚሰጥ


🚩Purify the air & Beautify the Environment


👉very effective: Usb power interface, convenient and quick operation, can be used anywhere.

              ዋጋ፦ 1,450 ብር

🏢 አድራሻ  ቁ.1👉 መገናኛ ስሪ ኤም ሲቲ ሞል  ሁለተኛ ፎቅ ቢሮ ቁ. SL-05A(ከ ሊፍቱ ፊት ለ ፊት)

📍ቁ.2 👉ለቡ  መዳህኒዓለም ቤተ/ክርስቲያን ፊት ለፊት  #ዛም_ሞል 2ኛ ፎቅ ቢሮ ቁጥር.214


👍ለቡ ቅርንጫፍ📲0971611819



    📲 0909522840
    📲 0923350054

🔖
💬  በTelegram ለማዘዝ ⤵️ ይጠቀሙ
@shager_onlinestore
  
ለተጨማሪ ማብራሪያ የቴሌግራም ገፃችን⤵️
https://t.me/Shageronlinestore"
-1.0012E+12,2024-09-16 05:09:30+00:00,"💥Flame Aroma Diffuser Humidifier

👉በኤሌክትሪክ የሚሰራ 
👉 ለቤት መልካም መዓዛን የሚሰጥ


🚩Purify the air & Beautify the Environment


👉very effective: Usb power interface, convenient and quick operation, can be used anywhere.

              ዋጋ፦ 1,450 ብር

🏢 አድራሻ  ቁ.1👉 መገናኛ ስሪ ኤም ሲቲ ሞል  ሁለተኛ ፎቅ ቢሮ ቁ. SL-05A(ከ ሊፍቱ ፊት ለ ፊት)

📍ቁ.2 👉ለቡ  መዳህኒዓለም ቤተ/ክርስቲያን ፊት ለፊት  #ዛም_ሞል 2ኛ ፎቅ ቢሮ ቁጥር.214


👍ለቡ ቅርንጫፍ📲0971611819



    📲 0909522840
    📲 0923350054

🔖
💬  በTelegram ለማዘዝ ⤵️ ይጠቀሙ
@shager_onlinestore
  
ለተጨማሪ ማብራሪያ የቴሌግራም ገፃችን⤵️
https://t.me/Shageronlinestore"
-1.0012E+12,2024-09-15 13:46:31+00:00,"💥3Pcs isolated lunch box with bag 

⚡️በውስጡ ሶስተት የተለያየ መጠን ያላቸው የምሳ ዕቃወች የያዘ
⚡️leakp️roof
⚡️stainless still food grade materials
⚡️ምግብዎን ሳያቀዘቅዝ እንደሞቀ ሚያቆይ
    

        🟠በቢሮዎ ውስጥ
         🍵 ለልጆች ትምህርት ቤት


      ዋጋ:-2800ብር✅


✖️ውስን ፍሬ ነው ያለን


🏢 አድራሻ  ቁ.1👉 መገናኛ ስሪ ኤም ሲቲ ሞል  ሁለተኛ ፎቅ ቢሮ ቁ. SL-05A(ከ ሊፍቱ ፊት ለ ፊት)

📍ቁ.2 👉ለቡ  መዳህኒዓለም ቤተ/ክርስቲያን ፊት ለፊት  #ዛም_ሞል 2ኛ ፎቅ ቢሮ ቁጥር.214


👍ለቡ ቅርንጫፍ📲0971611819


   

    📲 0909522840
    📲 0923350054

🔖
💬  በTelegram ለማዘዝ ⤵️ ይጠቀሙ
@shager_onlinestore
  
ለተጨማሪ ማብራሪያ የቴሌግራም ገፃችን⤵️
https://t.me/Shageronlinestore"
-1.0012E+12,2024-09-15 13:45:31+00:00,"💥3Pcs isolated lunch box with bag 

⚡️በውስጡ ሶስተት የተለያየ መጠን ያላቸው የምሳ ዕቃወች የያዘ
⚡️leakp️roof
⚡️stainless still food grade materials
⚡️ምግብዎን ሳያቀዘቅዝ እንደሞቀ ሚያቆይ
    

        🟠በቢሮዎ ውስጥ
         🍵 ለልጆች ትምህርት ቤት


      ዋጋ:-2800ብር✅


✖️ውስን ፍሬ ነው ያለን


🏢 አድራሻ  ቁ.1👉 መገናኛ ስሪ ኤም ሲቲ ሞል  ሁለተኛ ፎቅ ቢሮ ቁ. SL-05A(ከ ሊፍቱ ፊት ለ ፊት)

📍ቁ.2 👉ለቡ  መዳህኒዓለም ቤተ/ክርስቲያን ፊት ለፊት  #ዛም_ሞል 2ኛ ፎቅ ቢሮ ቁጥር.214


👍ለቡ ቅርንጫፍ📲0971611819


   

    📲 0909522840
    📲 0923350054

🔖
💬  በTelegram ለማዘዝ ⤵️ ይጠቀሙ
@shager_onlinestore
  
ለተጨማሪ ማብራሪያ የቴሌግራም ገፃችን⤵️
https://t.me/Shageronlinestore"
-1.0012E+12,2024-09-15 13:42:25+00:00,"💥3Pcs isolated lunch box with bag 

⚡️በውስጡ ሶስተት የተለያየ መጠን ያላቸው የምሳ ዕቃወች የያዘ
⚡️leakp️roof
⚡️stainless still food grade materials
⚡️ምግብዎን ሳያቀዘቅዝ እንደሞቀ ሚያቆይ
    

        🟠በቢሮዎ ውስጥ
         🍵 ለልጆች ትምህርት ቤት


      ዋጋ:-2800ብር✅


✖️ውስን ፍሬ ነው ያለን


🏢 አድራሻ  ቁ.1👉 መገናኛ ስሪ ኤም ሲቲ ሞል  ሁለተኛ ፎቅ ቢሮ ቁ. SL-05A(ከ ሊፍቱ ፊት ለ ፊት)

📍ቁ.2 👉ለቡ  መዳህኒዓለም ቤተ/ክርስቲያን ፊት ለፊት  #ዛም_ሞል 2ኛ ፎቅ ቢሮ ቁጥር.214


👍ለቡ ቅርንጫፍ📲0971611819


   

    📲 0909522840
    📲 0923350054

🔖
💬  በTelegram ለማዘዝ ⤵️ ይጠቀሙ
@shager_onlinestore
  
ለተጨማሪ ማብራሪያ የቴሌግራም ገፃችን⤵️
https://t.me/Shageronlinestore"
-1.0012E+12,2024-09-15 08:53:29+00:00,"⭐️💫እንኳን ለመውሊድ በዓል በሰላም አደረሰዎ

መልካም በዓል"
-1.0012E+12,2024-09-15 07:06:34+00:00,"💥 ውድ ደንበኞቻችን ሱቃችን ዛሬ  እሁድ ከ5:00-9:00 ስዓት ክፍት መሆኑን በአክብሮት እንገልፃልን።


💥 ዘዉትር ሰኞ-ቅዳሜ ከጥዋቱ 3:00 እስከ ምሽቱ 2:00 ክፍት መሆኑን በአክብሮት እንገልፃለን


🏢 አድራሻ  👉 መገናኛ ስሪ ኤም ሲቲ ሞል  ሁለተኛ ፎቅ ቢሮ ቁ. SL-05A(ከ ሊፍቱ ፊት ለ ፊት)

     💧💧💧💧


    📲 0909522840
    📲 0923350054

🔖
💬  በTelegram ለማዘዝ ⤵️ ይጠቀሙ
@shager_onlinestore
  
ለተጨማሪ ማብራሪያ የቴሌግራም ገፃችን⤵️
https://t.me/Shageronlinestore"
-1.0012E+12,2024-09-14 06:39:06+00:00,"💥Aroma therapy  essential oil for humidifier

✨በተለያዩ መዓዛዎች


         ዋጋ:- 1ፍሬ -350ብር

❌ውስን ፍሬ ነው ያለው

🏢 አድራሻ  ቁ.1👉 መገናኛ ስሪ ኤም ሲቲ ሞል  ሁለተኛ ፎቅ ቢሮ ቁ. SL-05A(ከ ሊፍቱ ፊት ለ ፊት)

📍ቁ.2 👉ለቡ  መዳህኒዓለም ቤተ/ክርስቲያን ፊት ለፊት  #ዛም_ሞል 2ኛ ፎቅ ቢሮ ቁጥር.214


     💧💧💧💧


    📲 0909522840
    📲 0923350054

🔖
💬  በTelegram ለማዘዝ ⤵️ ይጠቀሙ
@shager_onlinestore
  
ለተጨማሪ ማብራሪያ የቴሌግራም ገፃችን⤵️
https://t.me/Shageronlinestore"
-1.0012E+12,2024-09-14 04:19:27+00:00,"💥 Marble pattern water proof self adhesive  wall sticker 

🌟የቤትውን ውበት አንድ ደረጃ  ከፍ የሚያደርግ
🌟ውሀ የማያስገባ 
🌟ቅባት ዘይት ነገሮች
🌟እሳት እና ተቀጣጣይ ነገሮችን የሚቋቋም 
    ⚡️ለኪችን ካቢኔት
    ⚡️ለኪችንዎ ግርግዳ 
    ⚡️ ለባኞ ቤት ግድግዳ
    ⚡️ለቤትዎ ማስዋቢያ

⚡️size:-10metter
⚡️በ9  የቀለም አማራጭ የቀረበ

📍ኪችንዎን እና ቤትዎን ውብ እና ፅዱ ለማድረግ ተመራጭ 

ዋጋ፦10meter × 45cm = 1100 ብር ✅
        
✖️ውስን ፍሬ ነው ያለን

🏢 አድራሻ  ቁ.1 👉 መገናኛ ታሜ ጋስ ህንፃ ጎን ስሪ ኤም ሲቲ ሞል  ሁለተኛ ፎቅ ቢሮ ቁ. SL-05A(ከ ሊፍቱ ፊት ለ ፊት)

📍ቁ.2 👉ለቡ  መዳህኒዓለም ቤተ/ክርስቲያን ፊት ለፊት  #ዛም_ሞል 2ኛ ፎቅ ቢሮ ቁጥር.214

     💧💧💧💧


    📲 0909522840
    📲 0923350054

🔖
💬  በTelegram ለማዘዝ ⤵️ ይጠቀሙ
@shager_onlinestore
  
ለተጨማሪ ማብራሪያ የቴሌግራም ገፃችን⤵️
https://t.me/Shageronlinestore"
-1.0012E+12,2024-09-28 07:32:14+00:00,@Shageronlinestore
-1.0012E+12,2024-09-28 07:23:17+00:00,@Shageronlinestore
-1.0012E+12,2024-09-27 07:12:34+00:00,@Shageronlinestore
-1.0012E+12,2024-09-26 09:20:40+00:00,@Shageronlinestore
-1.0012E+12,2024-09-25 16:09:48+00:00,@Shageronlinestore
-1.0012E+12,2024-09-25 05:48:37+00:00,@Shageronlinestore
-1.0012E+12,2024-09-24 19:33:28+00:00,@Shageronlinestore
-1.0012E+12,2024-09-24 12:57:53+00:00,@Shageronlinestore
-1.0012E+12,2024-09-24 12:56:53+00:00,@Shageronlinestore
-1.0012E+12,2024-09-24 11:42:30+00:00,@Shageronlinestore
-1.0012E+12,2024-09-24 07:05:34+00:00,@Shageronlinestore
-1.0012E+12,2024-09-23 16:39:59+00:00,@Shageronlinestore
-1.0012E+12,2024-09-23 16:35:34+00:00,@Shageronlinestore
-1.0012E+12,2024-09-23 07:01:10+00:00,@Shageronlinestore
-1.0012E+12,2024-09-23 07:01:10+00:00,@Shageronlinestore
-1.0012E+12,2024-09-21 14:19:51+00:00,@Shageronlinestore
-1.0012E+12,2024-09-21 14:19:51+00:00,@Shageronlinestore
-1.0012E+12,2024-09-21 14:05:54+00:00,@Shageronlinestore
-1.0012E+12,2024-09-21 05:10:42+00:00,@Shageronlinestore
-1.0012E+12,2024-09-21 05:10:42+00:00,@Shageronlinestore
-1.0012E+12,2024-09-20 19:04:06+00:00,@Shageronlinestore
-1.0012E+12,2024-09-20 19:04:06+00:00,@Shageronlinestore
-1.0012E+12,2024-09-20 19:02:35+00:00,@Shageronlinestore
-1.0012E+12,2024-09-20 11:50:02+00:00,@Shageronlinestore
-1.0012E+12,2024-09-20 08:11:40+00:00,@Shageronlinestore
-1.0012E+12,2024-09-20 05:23:18+00:00,@Shageronlinestore
-1.0012E+12,2024-09-20 05:21:14+00:00,@Shageronlinestore
-1.0012E+12,2024-09-19 13:54:46+00:00,@Shageronlinestore
-1.0012E+12,2024-09-19 13:54:27+00:00,@Shageronlinestore
-1.0012E+12,2024-09-19 07:51:05+00:00,@Shageronlinestore
-1.0012E+12,2024-09-18 14:19:39+00:00,@Shageronlinestore
-1.0012E+12,2024-09-18 10:38:39+00:00,@Shageronlinestore
-1.0012E+12,2024-09-18 06:22:40+00:00,@Shageronlinestore
-1.0012E+12,2024-09-18 06:17:49+00:00,@Shageronlinestore
-1.0012E+12,2024-09-17 14:54:46+00:00,@Shageronlinestore
-1.0012E+12,2024-09-17 14:47:03+00:00,@Shageronlinestore
-1.0012E+12,2024-09-17 08:56:08+00:00,@Shageronlinestore
-1.0012E+12,2024-09-17 08:55:49+00:00,@Shageronlinestore
-1.0012E+12,2024-09-17 08:55:30+00:00,@Shageronlinestore
-1.0012E+12,2024-09-17 08:50:56+00:00,@Shageronlinestore
-1.0012E+12,2024-09-17 05:20:55+00:00,@Shageronlinestore
-1.0012E+12,2024-09-17 05:20:55+00:00,@Shageronlinestore
-1.0012E+12,2024-09-16 12:41:29+00:00,@Shageronlinestore
-1.0012E+12,2024-09-16 05:13:52+00:00,@Shageronlinestore
-1.0012E+12,2024-09-16 05:09:30+00:00,@Shageronlinestore
-1.0012E+12,2024-09-15 13:46:31+00:00,@Shageronlinestore
-1.0012E+12,2024-09-15 13:45:31+00:00,@Shageronlinestore
-1.0012E+12,2024-09-15 13:42:25+00:00,@Shageronlinestore
-1.0012E+12,2024-09-15 08:53:29+00:00,@Shageronlinestore
-1.0012E+12,2024-09-15 07:06:34+00:00,@Shageronlinestore
-1.0012E+12,2024-09-14 06:39:06+00:00,@Shageronlinestore
-1.0012E+12,2024-09-14 04:19:27+00:00,@Shageronlinestore
-1.00131E+12,2024-09-28 04:23:36+00:00,@ZemenExpress
-1.00131E+12,2024-09-28 04:22:42+00:00,@ZemenExpress
-1.00131E+12,2024-09-27 07:09:36+00:00,@ZemenExpress
-1.00131E+12,2024-09-26 10:04:28+00:00,@ZemenExpress
-1.00131E+12,2024-09-26 10:04:14+00:00,@ZemenExpress
-1.00131E+12,2024-09-26 07:19:17+00:00,@ZemenExpress
-1.00131E+12,2024-09-25 18:40:01+00:00,@ZemenExpress
-1.00131E+12,2024-09-25 07:51:19+00:00,@ZemenExpress
-1.00131E+12,2024-09-25 06:43:51+00:00,@ZemenExpress
-1.00131E+12,2024-09-25 06:43:04+00:00,@ZemenExpress
-1.00131E+12,2024-09-24 14:41:13+00:00,@ZemenExpress
-1.00131E+12,2024-09-24 14:40:41+00:00,@ZemenExpress
-1.00131E+12,2024-09-24 07:02:21+00:00,@ZemenExpress
-1.00131E+12,2024-09-23 15:07:19+00:00,@ZemenExpress
-1.00131E+12,2024-09-23 15:07:05+00:00,@ZemenExpress
-1.00131E+12,2024-09-23 15:06:56+00:00,@ZemenExpress
-1.00131E+12,2024-09-23 13:00:10+00:00,@ZemenExpress
-1.00131E+12,2024-09-23 06:04:10+00:00,@ZemenExpress
-1.00131E+12,2024-09-23 06:00:51+00:00,@ZemenExpress
-1.00131E+12,2024-09-23 05:48:39+00:00,@ZemenExpress
-1.00131E+12,2024-09-22 08:15:17+00:00,@ZemenExpress
-1.00131E+12,2024-09-22 08:14:47+00:00,@ZemenExpress
-1.00131E+12,2024-09-22 08:13:55+00:00,@ZemenExpress
-1.00131E+12,2024-09-21 15:11:23+00:00,@ZemenExpress
-1.00131E+12,2024-09-21 10:19:30+00:00,@ZemenExpress
-1.00131E+12,2024-09-21 10:19:01+00:00,@ZemenExpress
-1.00131E+12,2024-09-21 04:50:08+00:00,@ZemenExpress
-1.00131E+12,2024-09-21 04:46:45+00:00,@ZemenExpress
-1.00131E+12,2024-09-20 19:03:13+00:00,@ZemenExpress
-1.00131E+12,2024-09-20 18:52:24+00:00,@ZemenExpress
-1.00131E+12,2024-09-20 16:42:09+00:00,@ZemenExpress
-1.00131E+12,2024-09-20 16:41:53+00:00,@ZemenExpress
-1.00131E+12,2024-09-20 16:41:32+00:00,@ZemenExpress
-1.00131E+12,2024-09-20 07:32:05+00:00,@ZemenExpress
-1.00131E+12,2024-09-20 07:30:56+00:00,@ZemenExpress
-1.00131E+12,2024-09-20 07:30:39+00:00,@ZemenExpress
-1.00131E+12,2024-09-20 07:13:57+00:00,@ZemenExpress
-1.00131E+12,2024-09-20 07:13:51+00:00,@ZemenExpress
-1.00131E+12,2024-09-20 07:12:18+00:00,@ZemenExpress
-1.00131E+12,2024-09-19 13:01:47+00:00,@ZemenExpress
-1.00131E+12,2024-09-19 13:01:04+00:00,@ZemenExpress
-1.00131E+12,2024-09-19 09:56:43+00:00,@ZemenExpress
-1.00131E+12,2024-09-18 16:36:40+00:00,@ZemenExpress
-1.00131E+12,2024-09-18 16:36:16+00:00,@ZemenExpress
-1.00131E+12,2024-09-18 13:44:24+00:00,@ZemenExpress
-1.00131E+12,2024-09-18 05:18:33+00:00,@ZemenExpress
-1.00131E+12,2024-09-18 05:17:39+00:00,@ZemenExpress
-1.00131E+12,2024-09-17 11:54:51+00:00,@ZemenExpress
-1.00142E+12,2024-09-27 08:02:52+00:00,@sinayelj
-1.00142E+12,2024-09-27 07:38:57+00:00,@sinayelj
-1.00142E+12,2024-09-26 12:24:51+00:00,@sinayelj
-1.00142E+12,2024-09-26 12:24:11+00:00,@sinayelj
-1.00142E+12,2024-09-26 12:20:22+00:00,@sinayelj
-1.00142E+12,2024-09-26 12:19:20+00:00,@sinayelj
-1.00142E+12,2024-09-25 06:15:53+00:00,@sinayelj
-1.00142E+12,2024-09-24 07:10:40+00:00,@sinayelj
-1.00142E+12,2024-09-22 08:05:04+00:00,@sinayelj
-1.00142E+12,2024-09-22 08:04:03+00:00,@sinayelj
-1.00142E+12,2024-09-16 17:23:57+00:00,@sinayelj
-1.00142E+12,2024-09-15 11:35:04+00:00,@sinayelj
-1.00142E+12,2024-09-15 11:33:59+00:00,@sinayelj
-1.00142E+12,2024-09-15 06:42:48+00:00,@sinayelj
-1.00142E+12,2024-09-13 08:37:10+00:00,@sinayelj
-1.00142E+12,2024-09-10 16:04:53+00:00,@sinayelj
-1.00142E+12,2024-09-10 16:04:01+00:00,@sinayelj
-1.00142E+12,2024-09-09 15:43:12+00:00,@sinayelj
-1.00142E+12,2024-09-08 11:40:32+00:00,@sinayelj
-1.00142E+12,2024-09-08 11:06:09+00:00,@sinayelj
-1.00142E+12,2024-09-07 16:24:08+00:00,@sinayelj
-1.00142E+12,2024-09-05 15:32:37+00:00,@sinayelj
-1.00142E+12,2024-09-04 14:49:32+00:00,@sinayelj
-1.00137E+12,2024-09-27 18:15:44+00:00,@MerttEka
-1.00137E+12,2024-09-27 18:14:53+00:00,@MerttEka
-1.00137E+12,2024-09-27 14:19:03+00:00,@MerttEka
-1.00137E+12,2024-09-27 11:42:32+00:00,@MerttEka
-1.00137E+12,2024-09-26 16:38:22+00:00,@MerttEka
-1.00137E+12,2024-09-26 16:16:51+00:00,@MerttEka
-1.00137E+12,2024-09-26 12:31:45+00:00,@MerttEka
-1.00137E+12,2024-09-26 09:22:02+00:00,@MerttEka
-1.00137E+12,2024-09-26 08:31:44+00:00,@MerttEka
-1.00137E+12,2024-09-26 08:30:55+00:00,@MerttEka
-1.00137E+12,2024-09-26 03:42:08+00:00,@MerttEka
-1.00137E+12,2024-09-25 06:51:54+00:00,@MerttEka
-1.00137E+12,2024-09-25 06:51:27+00:00,@MerttEka
-1.00137E+12,2024-09-25 06:47:02+00:00,@MerttEka
-1.00137E+12,2024-09-24 14:48:42+00:00,@MerttEka
-1.00137E+12,2024-09-24 14:40:06+00:00,@MerttEka
-1.00137E+12,2024-09-24 12:33:48+00:00,@MerttEka
-1.00137E+12,2024-09-24 06:05:30+00:00,@MerttEka
-1.00137E+12,2024-09-23 15:08:07+00:00,@MerttEka
-1.00137E+12,2024-09-23 11:56:17+00:00,@MerttEka
-1.00137E+12,2024-09-23 08:28:25+00:00,@MerttEka
-1.00137E+12,2024-09-23 08:06:24+00:00,@MerttEka
-1.00137E+12,2024-09-22 17:02:32+00:00,@MerttEka
-1.00137E+12,2024-09-22 14:40:14+00:00,@MerttEka
-1.00137E+12,2024-09-22 09:21:05+00:00,@MerttEka
-1.00137E+12,2024-09-22 04:21:52+00:00,@MerttEka
-1.00137E+12,2024-09-21 09:23:19+00:00,@MerttEka
-1.00137E+12,2024-09-21 07:55:02+00:00,@MerttEka
-1.00137E+12,2024-09-21 04:10:10+00:00,@MerttEka
-1.00137E+12,2024-09-21 04:08:50+00:00,@MerttEka
-1.00137E+12,2024-09-20 16:44:54+00:00,@MerttEka
-1.00137E+12,2024-09-20 16:43:15+00:00,@MerttEka
-1.00137E+12,2024-09-20 15:02:22+00:00,@MerttEka
-1.00137E+12,2024-09-20 13:18:27+00:00,@MerttEka
-1.00137E+12,2024-09-20 13:17:14+00:00,@MerttEka
-1.00137E+12,2024-09-20 12:45:40+00:00,@MerttEka
-1.00137E+12,2024-09-20 05:30:46+00:00,@MerttEka
-1.00137E+12,2024-09-19 20:29:54+00:00,@MerttEka
-1.00137E+12,2024-09-19 07:01:13+00:00,@MerttEka
-1.00137E+12,2024-09-19 05:27:28+00:00,@MerttEka
-1.00137E+12,2024-09-19 05:24:43+00:00,@MerttEka
-1.00137E+12,2024-09-18 18:44:38+00:00,@MerttEka
-1.00137E+12,2024-09-18 18:42:16+00:00,@MerttEka
-1.00137E+12,2024-09-18 14:12:19+00:00,@MerttEka
-1.00137E+12,2024-09-18 12:46:29+00:00,@MerttEka
-1.00137E+12,2024-09-18 12:27:34+00:00,@MerttEka
-1.0014E+12,2024-09-26 07:40:33+00:00,@yebatochmregagroup
-1.0014E+12,2024-09-26 05:01:17+00:00,@yebatochmregagroup
-1.0014E+12,2024-09-25 16:27:37+00:00,@yebatochmregagroup
-1.0014E+12,2024-09-25 12:02:37+00:00,@yebatochmregagroup
-1.0014E+12,2024-09-25 07:13:40+00:00,@yebatochmregagroup
-1.0014E+12,2024-09-25 06:29:59+00:00,@yebatochmregagroup
-1.0014E+12,2024-09-22 09:15:32+00:00,@yebatochmregagroup
-1.0014E+12,2024-09-22 00:34:04+00:00,@yebatochmregagroup
-1.0014E+12,2024-09-21 11:33:16+00:00,@yebatochmregagroup
-1.0014E+12,2024-09-21 11:23:59+00:00,@yebatochmregagroup
-1.0014E+12,2024-09-21 08:15:06+00:00,@yebatochmregagroup
-1.0014E+12,2024-09-21 06:52:17+00:00,@yebatochmregagroup
-1.0014E+12,2024-09-21 05:49:40+00:00,@yebatochmregagroup
-1.0014E+12,2024-09-21 03:36:02+00:00,@yebatochmregagroup
-1.0014E+12,2024-09-20 15:34:19+00:00,@yebatochmregagroup
-1.0014E+12,2024-09-20 15:03:32+00:00,@yebatochmregagroup
-1.0014E+12,2024-09-20 12:31:30+00:00,@yebatochmregagroup
-1.0014E+12,2024-09-20 08:05:55+00:00,@yebatochmregagroup
-1.0014E+12,2024-09-19 08:32:51+00:00,@yebatochmregagroup
-1.0014E+12,2024-09-19 08:28:58+00:00,@yebatochmregagroup
-1.0014E+12,2024-09-18 06:53:49+00:00,@yebatochmregagroup
-1.0014E+12,2024-09-18 04:06:59+00:00,@yebatochmregagroup
-1.0014E+12,2024-09-17 19:20:34+00:00,@yebatochmregagroup
-1.0014E+12,2024-09-28 09:07:01+00:00,@helloomarketethiopia
-1.0014E+12,2024-09-26 17:04:12+00:00,@helloomarketethiopia
-1.0014E+12,2024-09-26 09:30:44+00:00,@helloomarketethiopia
-1.0014E+12,2024-09-25 18:01:08+00:00,@helloomarketethiopia
-1.0014E+12,2024-09-25 14:21:25+00:00,@helloomarketethiopia
-1.0014E+12,2024-09-25 09:49:20+00:00,@helloomarketethiopia
-1.0014E+12,2024-09-24 18:01:47+00:00,@helloomarketethiopia
-1.0014E+12,2024-09-24 15:04:57+00:00,@helloomarketethiopia
-1.0014E+12,2024-09-23 17:59:58+00:00,@helloomarketethiopia
-1.0014E+12,2024-09-23 14:10:06+00:00,@helloomarketethiopia
-1.0014E+12,2024-09-23 09:21:39+00:00,@helloomarketethiopia
-1.0014E+12,2024-09-22 15:20:45+00:00,@helloomarketethiopia
-1.0014E+12,2024-09-22 09:22:25+00:00,@helloomarketethiopia
-1.0014E+12,2024-09-21 18:01:12+00:00,@helloomarketethiopia
-1.0014E+12,2024-09-21 14:34:25+00:00,@helloomarketethiopia
-1.0014E+12,2024-09-20 18:01:19+00:00,@helloomarketethiopia
-1.0014E+12,2024-09-20 13:58:18+00:00,@helloomarketethiopia
-1.0014E+12,2024-09-20 10:03:26+00:00,@helloomarketethiopia
-1.0014E+12,2024-09-19 15:10:40+00:00,@helloomarketethiopia
-1.0014E+12,2024-09-18 18:01:45+00:00,@helloomarketethiopia
-1.0014E+12,2024-09-18 14:39:51+00:00,@helloomarketethiopia
-1.0014E+12,2024-09-18 09:05:51+00:00,@helloomarketethiopia
-1.0014E+12,2024-09-17 18:00:11+00:00,@helloomarketethiopia
-1.0014E+12,2024-09-17 15:18:21+00:00,@helloomarketethiopia
-1.0014E+12,2024-09-16 14:40:20+00:00,@helloomarketethiopia
-1.0014E+12,2024-09-15 08:14:43+00:00,@helloomarketethiopia
-1.0014E+12,2024-09-14 17:08:59+00:00,@helloomarketethiopia
-1.0014E+12,2024-09-14 09:02:00+00:00,@helloomarketethiopia
-1.0014E+12,2024-09-13 18:00:53+00:00,@helloomarketethiopia
-1.0014E+12,2024-09-13 13:46:28+00:00,@helloomarketethiopia
-1.0014E+12,2024-09-13 09:08:35+00:00,@helloomarketethiopia
-1.0014E+12,2024-09-12 09:16:20+00:00,@helloomarketethiopia
-1.0014E+12,2024-09-11 06:03:55+00:00,@helloomarketethiopia
-1.0014E+12,2024-09-10 09:55:58+00:00,@helloomarketethiopia
-1.0014E+12,2024-09-08 18:00:02+00:00,@helloomarketethiopia
-1.0014E+12,2024-09-08 15:29:30+00:00,@helloomarketethiopia
-1.0014E+12,2024-09-08 09:03:53+00:00,@helloomarketethiopia
-1.0014E+12,2024-09-07 18:01:02+00:00,@helloomarketethiopia
-1.0014E+12,2024-09-07 14:05:38+00:00,@helloomarketethiopia
-1.0014E+12,2024-09-06 14:06:47+00:00,@helloomarketethiopia
-1.0014E+12,2024-09-05 09:40:34+00:00,@helloomarketethiopia
-1.0014E+12,2024-09-04 18:00:09+00:00,@helloomarketethiopia
-1.0014E+12,2024-09-04 14:51:17+00:00,@helloomarketethiopia
-1.0014E+12,2024-09-04 09:26:13+00:00,@helloomarketethiopia
-1.0014E+12,2024-09-03 18:00:47+00:00,@helloomarketethiopia
-1.0014E+12,2024-09-03 14:19:37+00:00,@helloomarketethiopia
-1.0014E+12,2024-09-02 18:00:38+00:00,@helloomarketethiopia
-1.0014E+12,2024-09-02 14:41:53+00:00,@helloomarketethiopia
-1.0014E+12,2024-09-01 18:00:02+00:00,@helloomarketethiopia
-1.0014E+12,2024-09-01 14:02:05+00:00,@helloomarketethiopia
-1.0014E+12,2024-09-01 09:02:20+00:00,@helloomarketethiopia
-1.0014E+12,2024-08-31 18:01:00+00:00,@helloomarketethiopia
-1.0014E+12,2024-08-31 15:01:31+00:00,@helloomarketethiopia
-1.0014E+12,2024-08-30 14:02:15+00:00,@helloomarketethiopia
-1.0014E+12,2024-08-30 09:17:54+00:00,@helloomarketethiopia
-1.0014E+12,2024-08-29 14:59:11+00:00,@helloomarketethiopia
-1.0014E+12,2024-08-29 10:15:16+00:00,@helloomarketethiopia
-1.0014E+12,2024-08-28 18:02:02+00:00,@helloomarketethiopia
-1.0014E+12,2024-08-28 14:27:22+00:00,@helloomarketethiopia
-1.0014E+12,2024-08-28 10:58:31+00:00,@helloomarketethiopia
-1.0014E+12,2024-08-27 18:02:09+00:00,@helloomarketethiopia
-1.0014E+12,2024-08-27 14:42:31+00:00,@helloomarketethiopia
-1.0014E+12,2024-08-27 09:36:24+00:00,@helloomarketethiopia
-1.0014E+12,2024-08-26 18:00:02+00:00,@helloomarketethiopia
-1.0014E+12,2024-08-26 14:28:36+00:00,@helloomarketethiopia
-1.0014E+12,2024-08-26 09:51:30+00:00,@helloomarketethiopia
-1.0014E+12,2024-08-25 18:00:41+00:00,@helloomarketethiopia
-1.0014E+12,2024-08-25 15:20:40+00:00,@helloomarketethiopia
-1.0014E+12,2024-08-25 09:04:56+00:00,@helloomarketethiopia
-1.0014E+12,2024-08-24 18:00:02+00:00,@helloomarketethiopia
-1.0014E+12,2024-08-24 14:48:01+00:00,@helloomarketethiopia
-1.0014E+12,2024-08-24 09:00:54+00:00,@helloomarketethiopia
-1.0014E+12,2024-08-23 17:59:59+00:00,@helloomarketethiopia
-1.0014E+12,2024-08-23 14:29:58+00:00,@helloomarketethiopia
-1.0014E+12,2024-08-23 09:27:06+00:00,@helloomarketethiopia
-1.0014E+12,2024-08-22 18:00:02+00:00,@helloomarketethiopia
-1.0014E+12,2024-08-22 15:18:33+00:00,@helloomarketethiopia
-1.0014E+12,2024-08-22 09:07:33+00:00,@helloomarketethiopia
-1.0014E+12,2024-08-21 17:59:55+00:00,@helloomarketethiopia
-1.0014E+12,2024-08-21 14:20:42+00:00,@helloomarketethiopia
-1.0014E+12,2024-08-21 10:49:53+00:00,@helloomarketethiopia
-1.0014E+12,2024-08-20 18:00:21+00:00,@helloomarketethiopia
-1.0014E+12,2024-08-20 14:03:04+00:00,@helloomarketethiopia
-1.0014E+12,2024-08-20 09:52:59+00:00,@helloomarketethiopia
-1.0014E+12,2024-08-19 14:31:10+00:00,@helloomarketethiopia
-1.0014E+12,2024-08-19 09:06:15+00:00,@helloomarketethiopia
-1.0014E+12,2024-08-18 18:02:22+00:00,@helloomarketethiopia
-1.0014E+12,2024-08-18 14:26:59+00:00,@helloomarketethiopia
-1.0014E+12,2024-08-18 09:00:56+00:00,@helloomarketethiopia
-1.0014E+12,2024-08-17 17:59:09+00:00,@helloomarketethiopia
-1.0014E+12,2024-08-17 14:16:49+00:00,@helloomarketethiopia
-1.0014E+12,2024-08-17 09:48:51+00:00,@helloomarketethiopia
-1.0014E+12,2024-08-16 18:01:15+00:00,@helloomarketethiopia
-1.0014E+12,2024-08-16 09:01:09+00:00,@helloomarketethiopia
-1.0014E+12,2024-08-15 18:02:02+00:00,@helloomarketethiopia
-1.0014E+12,2024-08-15 14:50:13+00:00,@helloomarketethiopia
-1.0014E+12,2024-08-14 14:44:09+00:00,@helloomarketethiopia
-1.0014E+12,2024-08-13 18:02:22+00:00,@helloomarketethiopia
-1.0014E+12,2024-08-13 14:14:29+00:00,@helloomarketethiopia
-1.0014E+12,2024-08-13 09:12:39+00:00,@helloomarketethiopia
-1.00133E+12,2024-09-28 09:21:24+00:00,@Leyueqa
-1.00133E+12,2024-09-28 08:26:27+00:00,@Leyueqa
-1.00133E+12,2024-09-28 06:11:19+00:00,@Leyueqa
-1.00133E+12,2024-09-27 16:51:44+00:00,@Leyueqa
-1.00133E+12,2024-09-26 09:27:56+00:00,@Leyueqa
-1.00133E+12,2024-09-26 05:49:13+00:00,@Leyueqa
-1.00133E+12,2024-09-25 17:39:49+00:00,@Leyueqa
-1.00133E+12,2024-09-25 10:38:58+00:00,@Leyueqa
-1.00133E+12,2024-09-25 07:44:47+00:00,@Leyueqa
-1.00133E+12,2024-09-25 05:48:40+00:00,@Leyueqa
-1.00133E+12,2024-09-24 18:27:52+00:00,@Leyueqa
-1.00133E+12,2024-09-24 18:24:22+00:00,@Leyueqa
-1.00133E+12,2024-09-24 12:02:11+00:00,@Leyueqa
-1.00133E+12,2024-09-24 08:36:33+00:00,@Leyueqa
-1.00133E+12,2024-09-24 06:24:30+00:00,@Leyueqa
-1.00133E+12,2024-09-24 05:32:08+00:00,@Leyueqa
-1.00133E+12,2024-09-23 23:01:32+00:00,@Leyueqa
-1.00133E+12,2024-09-23 11:23:38+00:00,@Leyueqa
-1.00133E+12,2024-09-23 09:32:01+00:00,@Leyueqa
-1.00133E+12,2024-09-23 07:08:54+00:00,@Leyueqa
-1.00133E+12,2024-09-21 13:08:01+00:00,@Leyueqa
-1.00133E+12,2024-09-21 12:30:02+00:00,@Leyueqa
-1.00133E+12,2024-09-21 10:48:19+00:00,@Leyueqa
-1.00133E+12,2024-09-21 05:59:42+00:00,@Leyueqa
-1.00133E+12,2024-09-21 04:33:01+00:00,@Leyueqa
-1.00133E+12,2024-09-20 18:24:37+00:00,@Leyueqa
-1.00133E+12,2024-09-20 16:30:20+00:00,@Leyueqa
-1.00133E+12,2024-09-20 14:13:34+00:00,@Leyueqa
-1.00133E+12,2024-09-20 11:27:02+00:00,@Leyueqa
-1.00133E+12,2024-09-20 07:56:25+00:00,@Leyueqa
-1.00133E+12,2024-09-20 07:42:39+00:00,@Leyueqa
-1.00133E+12,2024-09-20 05:49:22+00:00,@Leyueqa
-1.00133E+12,2024-09-19 17:31:57+00:00,@Leyueqa
-1.00133E+12,2024-09-19 15:24:01+00:00,@Leyueqa
-1.00133E+12,2024-09-19 13:39:57+00:00,@Leyueqa
-1.00133E+12,2024-09-19 11:22:56+00:00,@Leyueqa
-1.00133E+12,2024-09-19 06:23:07+00:00,@Leyueqa
-1.00133E+12,2024-09-18 07:42:19+00:00,@Leyueqa
-1.00133E+12,2024-09-18 06:01:51+00:00,@Leyueqa
-1.00133E+12,2024-09-17 16:40:12+00:00,@Leyueqa
-1.00133E+12,2024-09-17 10:51:06+00:00,@Leyueqa
-1.00133E+12,2024-09-17 07:16:05+00:00,@Leyueqa
-1.00133E+12,2024-09-17 06:26:02+00:00,@Leyueqa
-1.00133E+12,2024-09-17 04:02:03+00:00,@Leyueqa
-1.00133E+12,2024-09-16 18:40:23+00:00,@Leyueqa
-1.00133E+12,2024-09-16 16:19:01+00:00,@Leyueqa
-1.00133E+12,2024-09-16 13:39:30+00:00,@Leyueqa
-1.00143E+12,2024-09-28 09:01:12+00:00,@kstoreaddis
-1.00143E+12,2024-09-28 06:00:45+00:00,@kstoreaddis
-1.00143E+12,2024-09-27 09:00:06+00:00,@kstoreaddis
-1.00143E+12,2024-09-27 06:00:53+00:00,@kstoreaddis
-1.00143E+12,2024-09-26 09:00:42+00:00,@kstoreaddis
-1.00143E+12,2024-09-26 06:01:37+00:00,@kstoreaddis
-1.00143E+12,2024-09-25 09:00:42+00:00,@kstoreaddis
-1.00143E+12,2024-09-25 06:00:10+00:00,@kstoreaddis
-1.00143E+12,2024-09-24 09:00:27+00:00,@kstoreaddis
-1.00143E+12,2024-09-24 06:01:33+00:00,@kstoreaddis
-1.00143E+12,2024-09-23 09:00:13+00:00,@kstoreaddis
-1.00143E+12,2024-09-23 06:56:14+00:00,@kstoreaddis
-1.00143E+12,2024-09-22 06:00:22+00:00,@kstoreaddis
-1.00143E+12,2024-09-21 09:01:58+00:00,@kstoreaddis
-1.00143E+12,2024-09-21 06:00:57+00:00,@kstoreaddis
-1.00143E+12,2024-09-20 09:01:33+00:00,@kstoreaddis
-1.00143E+12,2024-09-20 06:00:45+00:00,@kstoreaddis
-1.00143E+12,2024-09-19 09:00:26+00:00,@kstoreaddis
-1.00143E+12,2024-09-19 06:01:47+00:00,@kstoreaddis
-1.00143E+12,2024-09-18 09:11:11+00:00,@kstoreaddis
-1.00143E+12,2024-09-18 06:00:44+00:00,@kstoreaddis
-1.00143E+12,2024-09-17 09:00:07+00:00,@kstoreaddis
-1.00143E+12,2024-09-17 06:01:09+00:00,@kstoreaddis
-1.00143E+12,2024-09-16 09:01:24+00:00,@kstoreaddis
-1.00143E+12,2024-09-16 06:00:18+00:00,@kstoreaddis
-1.00143E+12,2024-09-15 06:00:27+00:00,@kstoreaddis
-1.00143E+12,2024-09-14 09:00:06+00:00,@kstoreaddis
-1.00143E+12,2024-09-14 06:01:01+00:00,@kstoreaddis
-1.00143E+12,2024-09-13 09:00:29+00:00,@kstoreaddis
-1.00143E+12,2024-09-13 06:00:26+00:00,@kstoreaddis
-1.00143E+12,2024-09-12 09:01:28+00:00,@kstoreaddis
-1.00143E+12,2024-09-12 06:02:03+00:00,@kstoreaddis
-1.00143E+12,2024-09-11 09:00:06+00:00,@kstoreaddis
-1.00143E+12,2024-09-11 06:01:07+00:00,@kstoreaddis
-1.00143E+12,2024-09-11 05:30:16+00:00,@kstoreaddis
-1.00143E+12,2024-09-10 12:30:10+00:00,@kstoreaddis
-1.00143E+12,2024-09-10 09:01:18+00:00,@kstoreaddis
-1.00143E+12,2024-09-10 06:01:07+00:00,@kstoreaddis
-1.00143E+12,2024-09-09 09:00:06+00:00,@kstoreaddis
-1.00143E+12,2024-09-09 06:01:46+00:00,@kstoreaddis
-1.00143E+12,2024-09-08 06:01:48+00:00,@kstoreaddis
-1.00143E+12,2024-09-07 09:02:07+00:00,@kstoreaddis
-1.00143E+12,2024-09-07 06:00:12+00:00,@kstoreaddis
-1.00143E+12,2024-09-06 09:01:38+00:00,@kstoreaddis
-1.00143E+12,2024-09-06 06:00:54+00:00,@kstoreaddis
-1.00143E+12,2024-09-05 09:01:50+00:00,@kstoreaddis
-1.00143E+12,2024-09-05 06:01:07+00:00,@kstoreaddis
-1.00143E+12,2024-09-04 09:01:02+00:00,@kstoreaddis
-1.00143E+12,2024-09-04 06:01:03+00:00,@kstoreaddis
-1.00143E+12,2024-09-03 09:00:11+00:00,@kstoreaddis
-1.00143E+12,2024-09-03 06:01:22+00:00,@kstoreaddis
-1.00143E+12,2024-09-02 09:01:57+00:00,@kstoreaddis
-1.00143E+12,2024-09-02 06:01:22+00:00,@kstoreaddis
-1.00143E+12,2024-09-01 06:00:19+00:00,@kstoreaddis
-1.00143E+12,2024-08-31 09:00:38+00:00,@kstoreaddis
-1.00143E+12,2024-08-31 06:01:43+00:00,@kstoreaddis
-1.00143E+12,2024-08-30 09:01:59+00:00,@kstoreaddis
-1.00143E+12,2024-08-30 06:01:33+00:00,@kstoreaddis
-1.00143E+12,2024-08-29 09:00:18+00:00,@kstoreaddis
-1.00143E+12,2024-08-29 06:18:19+00:00,@kstoreaddis
-1.00143E+12,2024-08-28 09:01:57+00:00,@kstoreaddis
-1.00143E+12,2024-08-28 06:02:06+00:00,@kstoreaddis
-1.00143E+12,2024-08-27 09:00:43+00:00,@kstoreaddis
-1.00143E+12,2024-08-27 06:00:56+00:00,@kstoreaddis
-1.00143E+12,2024-08-26 09:01:02+00:00,@kstoreaddis
-1.00143E+12,2024-08-26 06:30:06+00:00,@kstoreaddis
-1.00143E+12,2024-08-25 06:00:46+00:00,@kstoreaddis
-1.00143E+12,2024-08-24 09:00:39+00:00,@kstoreaddis
-1.00143E+12,2024-08-24 06:01:15+00:00,@kstoreaddis
-1.00143E+12,2024-08-23 09:01:31+00:00,@kstoreaddis
-1.00143E+12,2024-08-23 06:00:20+00:00,@kstoreaddis
-1.00143E+12,2024-08-22 09:01:02+00:00,@kstoreaddis
-1.00143E+12,2024-08-22 06:01:34+00:00,@kstoreaddis
-1.00143E+12,2024-08-21 06:05:05+00:00,@kstoreaddis
-1.00143E+12,2024-08-20 09:02:01+00:00,@kstoreaddis
-1.00143E+12,2024-08-20 06:00:11+00:00,@kstoreaddis
-1.00143E+12,2024-08-19 09:08:41+00:00,@kstoreaddis
-1.00143E+12,2024-08-19 06:00:56+00:00,@kstoreaddis
-1.00143E+12,2024-08-18 06:01:12+00:00,@kstoreaddis
-1.00143E+12,2024-08-17 09:00:47+00:00,@kstoreaddis
-1.00143E+12,2024-08-17 06:01:09+00:00,@kstoreaddis
-1.00143E+12,2024-08-16 09:00:42+00:00,@kstoreaddis
-1.00143E+12,2024-08-16 06:00:47+00:00,@kstoreaddis
-1.00143E+12,2024-08-15 09:00:48+00:00,@kstoreaddis
-1.00143E+12,2024-08-15 06:00:16+00:00,@kstoreaddis
-1.00143E+12,2024-08-14 09:00:18+00:00,@kstoreaddis
-1.00143E+12,2024-08-14 06:01:29+00:00,@kstoreaddis
-1.00143E+12,2024-08-13 09:00:56+00:00,@kstoreaddis
-1.00143E+12,2024-08-13 06:02:02+00:00,@kstoreaddis
-1.00143E+12,2024-08-12 09:00:31+00:00,@kstoreaddis
-1.00143E+12,2024-08-12 06:01:32+00:00,@kstoreaddis
-1.00143E+12,2024-08-11 06:00:45+00:00,@kstoreaddis
-1.00143E+12,2024-08-10 09:00:48+00:00,@kstoreaddis
-1.00143E+12,2024-08-10 06:01:49+00:00,@kstoreaddis
-1.00143E+12,2024-08-09 09:01:22+00:00,@kstoreaddis
-1.00143E+12,2024-08-09 06:00:06+00:00,@kstoreaddis
-1.00143E+12,2024-08-08 09:01:34+00:00,@kstoreaddis
-1.00143E+12,2024-08-08 06:01:13+00:00,@kstoreaddis
-1.00143E+12,2024-08-07 09:03:18+00:00,@kstoreaddis
-1.00143E+12,2024-08-07 06:00:55+00:00,@kstoreaddis
-1.00118E+12,2024-09-24 14:34:31+00:00,@Fashiontera
-1.00118E+12,2024-09-18 15:26:06+00:00,@Fashiontera
-1.00118E+12,2024-09-08 16:08:15+00:00,@Fashiontera
-1.00118E+12,2024-09-08 15:45:52+00:00,@Fashiontera
-1.00118E+12,2024-09-01 19:38:25+00:00,@Fashiontera
-1.00118E+12,2024-08-30 19:19:57+00:00,@Fashiontera
-1.00118E+12,2024-08-25 19:45:33+00:00,@Fashiontera
-1.00118E+12,2024-08-25 19:44:06+00:00,@Fashiontera
-1.00118E+12,2024-08-25 19:41:10+00:00,@Fashiontera
-1.00118E+12,2024-08-17 15:29:32+00:00,@Fashiontera
-1.00118E+12,2024-08-12 19:24:27+00:00,@Fashiontera
-1.00118E+12,2024-08-08 16:46:16+00:00,@Fashiontera
-1.00118E+12,2024-08-02 18:29:32+00:00,@Fashiontera
-1.00118E+12,2024-07-27 13:27:56+00:00,@Fashiontera
-1.00118E+12,2024-07-24 15:09:47+00:00,@Fashiontera
-1.00118E+12,2024-07-20 19:29:03+00:00,@Fashiontera
-1.00118E+12,2024-07-19 19:51:03+00:00,@Fashiontera
-1.00118E+12,2024-07-15 11:52:58+00:00,@Fashiontera
-1.00118E+12,2024-07-10 15:08:22+00:00,@Fashiontera
-1.00118E+12,2024-07-05 11:27:52+00:00,@Fashiontera
-1.00118E+12,2024-07-04 13:28:51+00:00,@Fashiontera
-1.00118E+12,2024-07-04 13:28:04+00:00,@Fashiontera
-1.00118E+12,2024-07-03 14:24:04+00:00,@Fashiontera
-1.00118E+12,2024-06-29 18:23:07+00:00,@Fashiontera
-1.00118E+12,2024-06-29 13:14:18+00:00,@Fashiontera
-1.00118E+12,2024-06-28 15:34:10+00:00,@Fashiontera
-1.00118E+12,2024-06-28 15:26:41+00:00,@Fashiontera
-1.00118E+12,2024-06-24 13:59:46+00:00,@Fashiontera
-1.00118E+12,2024-06-23 18:17:16+00:00,@Fashiontera
-1.00118E+12,2024-06-20 16:55:41+00:00,@Fashiontera
-1.00118E+12,2024-06-18 19:41:49+00:00,@Fashiontera
-1.00118E+12,2024-06-17 18:56:36+00:00,@Fashiontera
-1.00118E+12,2024-06-12 19:46:03+00:00,@Fashiontera
-1.00118E+12,2024-06-12 19:28:28+00:00,@Fashiontera
-1.00118E+12,2024-06-05 13:53:57+00:00,@Fashiontera
-1.00118E+12,2024-06-05 13:43:16+00:00,@Fashiontera
